id,garden_name,full_garden_name,qr_url,@qrcode_filename
00000,Earthly Friendships,The Garden of Earthly Friendships,HTTPS://DECENTRALIZEDWEB.NET/QR/2018.HTML?BADGE=00000,Macintosh HD:Users:provolot:github:seeding-gardens:badge:qrcodes:badges:00000.png
00001,Sleeping Delights,The Garden of Sleeping Delights,HTTPS://DECENTRALIZEDWEB.NET/QR/2018.HTML?BADGE=00001,Macintosh HD:Users:provolot:github:seeding-gardens:badge:qrcodes:badges:00001.png
00002,Calm Exchange,The Garden of Calm Exchange,HTTPS://DECENTRALIZEDWEB.NET/QR/2018.HTML?BADGE=00002,Macintosh HD:Users:provolot:github:seeding-gardens:badge:qrcodes:badges:00002.png
00003,Gentle Contemplation,The Garden of Gentle Contemplation,HTTPS://DECENTRALIZEDWEB.NET/QR/2018.HTML?BADGE=00003,Macintosh HD:Users:provolot:github:seeding-gardens:badge:qrcodes:badges:00003.png
00004,Spindly Play,The Garden of Spindly Play,HTTPS://DECENTRALIZEDWEB.NET/QR/2018.HTML?BADGE=00004,Macintosh HD:Users:provolot:github:seeding-gardens:badge:qrcodes:badges:00004.png
00005,Sprightly Utopia,The Garden of Sprightly Utopia,HTTPS://DECENTRALIZEDWEB.NET/QR/2018.HTML?BADGE=00005,Macintosh HD:Users:provolot:github:seeding-gardens:badge:qrcodes:badges:00005.png
00006,Blubbly Balance,The Garden of Blubbly Balance,HTTPS://DECENTRALIZEDWEB.NET/QR/2018.HTML?BADGE=00006,Macintosh HD:Users:provolot:github:seeding-gardens:badge:qrcodes:badges:00006.png
00007,Soft Soil,The Garden of Soft Soil,HTTPS://DECENTRALIZEDWEB.NET/QR/2018.HTML?BADGE=00007,Macintosh HD:Users:provolot:github:seeding-gardens:badge:qrcodes:badges:00007.png
00008,Slow Storms,The Garden of Slow Storms,HTTPS://DECENTRALIZEDWEB.NET/QR/2018.HTML?BADGE=00008,Macintosh HD:Users:provolot:github:seeding-gardens:badge:qrcodes:badges:00008.png
00009,Free Societies,The Garden of Free Societies,HTTPS://DECENTRALIZEDWEB.NET/QR/2018.HTML?BADGE=00009,Macintosh HD:Users:provolot:github:seeding-gardens:badge:qrcodes:badges:00009.png
00010,Harmonious Computation,The Garden of Harmonious Computation,HTTPS://DECENTRALIZEDWEB.NET/QR/2018.HTML?BADGE=00010,Macintosh HD:Users:provolot:github:seeding-gardens:badge:qrcodes:badges:00010.png
00011,Chaotic Biologies,The Garden of Chaotic Biologies,HTTPS://DECENTRALIZEDWEB.NET/QR/2018.HTML?BADGE=00011,Macintosh HD:Users:provolot:github:seeding-gardens:badge:qrcodes:badges:00011.png
00012,Turbulent Networks,The Garden of Turbulent Networks,HTTPS://DECENTRALIZEDWEB.NET/QR/2018.HTML?BADGE=00012,Macintosh HD:Users:provolot:github:seeding-gardens:badge:qrcodes:badges:00012.png
00013,Punctuated Systems,The Garden of Punctuated Systems,HTTPS://DECENTRALIZEDWEB.NET/QR/2018.HTML?BADGE=00013,Macintosh HD:Users:provolot:github:seeding-gardens:badge:qrcodes:badges:00013.png
00014,Caring Structures,The Garden of Caring Structures,HTTPS://DECENTRALIZEDWEB.NET/QR/2018.HTML?BADGE=00014,Macintosh HD:Users:provolot:github:seeding-gardens:badge:qrcodes:badges:00014.png
00015,Organized Theories,The Garden of Organized Theories,HTTPS://DECENTRALIZEDWEB.NET/QR/2018.HTML?BADGE=00015,Macintosh HD:Users:provolot:github:seeding-gardens:badge:qrcodes:badges:00015.png
00016,Evolving Languages,The Garden of Evolving Languages,HTTPS://DECENTRALIZEDWEB.NET/QR/2018.HTML?BADGE=00016,Macintosh HD:Users:provolot:github:seeding-gardens:badge:qrcodes:badges:00016.png
00017,Circular Loops,The Garden of Circular Loops,HTTPS://DECENTRALIZEDWEB.NET/QR/2018.HTML?BADGE=00017,Macintosh HD:Users:provolot:github:seeding-gardens:badge:qrcodes:badges:00017.png
00018,Adaptive Seeds,The Garden of Adaptive Seeds,HTTPS://DECENTRALIZEDWEB.NET/QR/2018.HTML?BADGE=00018,Macintosh HD:Users:provolot:github:seeding-gardens:badge:qrcodes:badges:00018.png
00019,Complex Pistil,The Garden of Complex Pistil,HTTPS://DECENTRALIZEDWEB.NET/QR/2018.HTML?BADGE=00019,Macintosh HD:Users:provolot:github:seeding-gardens:badge:qrcodes:badges:00019.png
00020,Windy Stamen,The Garden of Windy Stamen,HTTPS://DECENTRALIZEDWEB.NET/QR/2018.HTML?BADGE=00020,Macintosh HD:Users:provolot:github:seeding-gardens:badge:qrcodes:badges:00020.png
00021,Rhizomatic Friendships,The Garden of Rhizomatic Friendships,HTTPS://DECENTRALIZEDWEB.NET/QR/2018.HTML?BADGE=00021,Macintosh HD:Users:provolot:github:seeding-gardens:badge:qrcodes:badges:00021.png
00022,Earthly Delights,The Garden of Earthly Delights,HTTPS://DECENTRALIZEDWEB.NET/QR/2018.HTML?BADGE=00022,Macintosh HD:Users:provolot:github:seeding-gardens:badge:qrcodes:badges:00022.png
00023,Sleeping Exchange,The Garden of Sleeping Exchange,HTTPS://DECENTRALIZEDWEB.NET/QR/2018.HTML?BADGE=00023,Macintosh HD:Users:provolot:github:seeding-gardens:badge:qrcodes:badges:00023.png
00024,Calm Contemplation,The Garden of Calm Contemplation,HTTPS://DECENTRALIZEDWEB.NET/QR/2018.HTML?BADGE=00024,Macintosh HD:Users:provolot:github:seeding-gardens:badge:qrcodes:badges:00024.png
00025,Gentle Play,The Garden of Gentle Play,HTTPS://DECENTRALIZEDWEB.NET/QR/2018.HTML?BADGE=00025,Macintosh HD:Users:provolot:github:seeding-gardens:badge:qrcodes:badges:00025.png
00026,Spindly Utopia,The Garden of Spindly Utopia,HTTPS://DECENTRALIZEDWEB.NET/QR/2018.HTML?BADGE=00026,Macintosh HD:Users:provolot:github:seeding-gardens:badge:qrcodes:badges:00026.png
00027,Sprightly Balance,The Garden of Sprightly Balance,HTTPS://DECENTRALIZEDWEB.NET/QR/2018.HTML?BADGE=00027,Macintosh HD:Users:provolot:github:seeding-gardens:badge:qrcodes:badges:00027.png
00028,Blubbly Soil,The Garden of Blubbly Soil,HTTPS://DECENTRALIZEDWEB.NET/QR/2018.HTML?BADGE=00028,Macintosh HD:Users:provolot:github:seeding-gardens:badge:qrcodes:badges:00028.png
00029,Soft Storms,The Garden of Soft Storms,HTTPS://DECENTRALIZEDWEB.NET/QR/2018.HTML?BADGE=00029,Macintosh HD:Users:provolot:github:seeding-gardens:badge:qrcodes:badges:00029.png
00030,Slow Societies,The Garden of Slow Societies,HTTPS://DECENTRALIZEDWEB.NET/QR/2018.HTML?BADGE=00030,Macintosh HD:Users:provolot:github:seeding-gardens:badge:qrcodes:badges:00030.png
00031,Free Computation,The Garden of Free Computation,HTTPS://DECENTRALIZEDWEB.NET/QR/2018.HTML?BADGE=00031,Macintosh HD:Users:provolot:github:seeding-gardens:badge:qrcodes:badges:00031.png
00032,Harmonious Biologies,The Garden of Harmonious Biologies,HTTPS://DECENTRALIZEDWEB.NET/QR/2018.HTML?BADGE=00032,Macintosh HD:Users:provolot:github:seeding-gardens:badge:qrcodes:badges:00032.png
00033,Chaotic Networks,The Garden of Chaotic Networks,HTTPS://DECENTRALIZEDWEB.NET/QR/2018.HTML?BADGE=00033,Macintosh HD:Users:provolot:github:seeding-gardens:badge:qrcodes:badges:00033.png
00034,Turbulent Systems,The Garden of Turbulent Systems,HTTPS://DECENTRALIZEDWEB.NET/QR/2018.HTML?BADGE=00034,Macintosh HD:Users:provolot:github:seeding-gardens:badge:qrcodes:badges:00034.png
00035,Punctuated Structures,The Garden of Punctuated Structures,HTTPS://DECENTRALIZEDWEB.NET/QR/2018.HTML?BADGE=00035,Macintosh HD:Users:provolot:github:seeding-gardens:badge:qrcodes:badges:00035.png
00036,Caring Theories,The Garden of Caring Theories,HTTPS://DECENTRALIZEDWEB.NET/QR/2018.HTML?BADGE=00036,Macintosh HD:Users:provolot:github:seeding-gardens:badge:qrcodes:badges:00036.png
00037,Organized Languages,The Garden of Organized Languages,HTTPS://DECENTRALIZEDWEB.NET/QR/2018.HTML?BADGE=00037,Macintosh HD:Users:provolot:github:seeding-gardens:badge:qrcodes:badges:00037.png
00038,Evolving Loops,The Garden of Evolving Loops,HTTPS://DECENTRALIZEDWEB.NET/QR/2018.HTML?BADGE=00038,Macintosh HD:Users:provolot:github:seeding-gardens:badge:qrcodes:badges:00038.png
00039,Circular Seeds,The Garden of Circular Seeds,HTTPS://DECENTRALIZEDWEB.NET/QR/2018.HTML?BADGE=00039,Macintosh HD:Users:provolot:github:seeding-gardens:badge:qrcodes:badges:00039.png
00040,Adaptive Pistil,The Garden of Adaptive Pistil,HTTPS://DECENTRALIZEDWEB.NET/QR/2018.HTML?BADGE=00040,Macintosh HD:Users:provolot:github:seeding-gardens:badge:qrcodes:badges:00040.png
00041,Complex Stamen,The Garden of Complex Stamen,HTTPS://DECENTRALIZEDWEB.NET/QR/2018.HTML?BADGE=00041,Macintosh HD:Users:provolot:github:seeding-gardens:badge:qrcodes:badges:00041.png
00042,Windy Friendships,The Garden of Windy Friendships,HTTPS://DECENTRALIZEDWEB.NET/QR/2018.HTML?BADGE=00042,Macintosh HD:Users:provolot:github:seeding-gardens:badge:qrcodes:badges:00042.png
00043,Rhizomatic Delights,The Garden of Rhizomatic Delights,HTTPS://DECENTRALIZEDWEB.NET/QR/2018.HTML?BADGE=00043,Macintosh HD:Users:provolot:github:seeding-gardens:badge:qrcodes:badges:00043.png
00044,Earthly Exchange,The Garden of Earthly Exchange,HTTPS://DECENTRALIZEDWEB.NET/QR/2018.HTML?BADGE=00044,Macintosh HD:Users:provolot:github:seeding-gardens:badge:qrcodes:badges:00044.png
00045,Sleeping Contemplation,The Garden of Sleeping Contemplation,HTTPS://DECENTRALIZEDWEB.NET/QR/2018.HTML?BADGE=00045,Macintosh HD:Users:provolot:github:seeding-gardens:badge:qrcodes:badges:00045.png
00046,Calm Play,The Garden of Calm Play,HTTPS://DECENTRALIZEDWEB.NET/QR/2018.HTML?BADGE=00046,Macintosh HD:Users:provolot:github:seeding-gardens:badge:qrcodes:badges:00046.png
00047,Gentle Utopia,The Garden of Gentle Utopia,HTTPS://DECENTRALIZEDWEB.NET/QR/2018.HTML?BADGE=00047,Macintosh HD:Users:provolot:github:seeding-gardens:badge:qrcodes:badges:00047.png
00048,Spindly Balance,The Garden of Spindly Balance,HTTPS://DECENTRALIZEDWEB.NET/QR/2018.HTML?BADGE=00048,Macintosh HD:Users:provolot:github:seeding-gardens:badge:qrcodes:badges:00048.png
00049,Sprightly Soil,The Garden of Sprightly Soil,HTTPS://DECENTRALIZEDWEB.NET/QR/2018.HTML?BADGE=00049,Macintosh HD:Users:provolot:github:seeding-gardens:badge:qrcodes:badges:00049.png
00050,Blubbly Storms,The Garden of Blubbly Storms,HTTPS://DECENTRALIZEDWEB.NET/QR/2018.HTML?BADGE=00050,Macintosh HD:Users:provolot:github:seeding-gardens:badge:qrcodes:badges:00050.png
00051,Soft Societies,The Garden of Soft Societies,HTTPS://DECENTRALIZEDWEB.NET/QR/2018.HTML?BADGE=00051,Macintosh HD:Users:provolot:github:seeding-gardens:badge:qrcodes:badges:00051.png
00052,Slow Computation,The Garden of Slow Computation,HTTPS://DECENTRALIZEDWEB.NET/QR/2018.HTML?BADGE=00052,Macintosh HD:Users:provolot:github:seeding-gardens:badge:qrcodes:badges:00052.png
00053,Free Biologies,The Garden of Free Biologies,HTTPS://DECENTRALIZEDWEB.NET/QR/2018.HTML?BADGE=00053,Macintosh HD:Users:provolot:github:seeding-gardens:badge:qrcodes:badges:00053.png
00054,Harmonious Networks,The Garden of Harmonious Networks,HTTPS://DECENTRALIZEDWEB.NET/QR/2018.HTML?BADGE=00054,Macintosh HD:Users:provolot:github:seeding-gardens:badge:qrcodes:badges:00054.png
00055,Chaotic Systems,The Garden of Chaotic Systems,HTTPS://DECENTRALIZEDWEB.NET/QR/2018.HTML?BADGE=00055,Macintosh HD:Users:provolot:github:seeding-gardens:badge:qrcodes:badges:00055.png
00056,Turbulent Structures,The Garden of Turbulent Structures,HTTPS://DECENTRALIZEDWEB.NET/QR/2018.HTML?BADGE=00056,Macintosh HD:Users:provolot:github:seeding-gardens:badge:qrcodes:badges:00056.png
00057,Punctuated Theories,The Garden of Punctuated Theories,HTTPS://DECENTRALIZEDWEB.NET/QR/2018.HTML?BADGE=00057,Macintosh HD:Users:provolot:github:seeding-gardens:badge:qrcodes:badges:00057.png
00058,Caring Languages,The Garden of Caring Languages,HTTPS://DECENTRALIZEDWEB.NET/QR/2018.HTML?BADGE=00058,Macintosh HD:Users:provolot:github:seeding-gardens:badge:qrcodes:badges:00058.png
00059,Organized Loops,The Garden of Organized Loops,HTTPS://DECENTRALIZEDWEB.NET/QR/2018.HTML?BADGE=00059,Macintosh HD:Users:provolot:github:seeding-gardens:badge:qrcodes:badges:00059.png
00060,Evolving Seeds,The Garden of Evolving Seeds,HTTPS://DECENTRALIZEDWEB.NET/QR/2018.HTML?BADGE=00060,Macintosh HD:Users:provolot:github:seeding-gardens:badge:qrcodes:badges:00060.png
00061,Circular Pistil,The Garden of Circular Pistil,HTTPS://DECENTRALIZEDWEB.NET/QR/2018.HTML?BADGE=00061,Macintosh HD:Users:provolot:github:seeding-gardens:badge:qrcodes:badges:00061.png
00062,Adaptive Stamen,The Garden of Adaptive Stamen,HTTPS://DECENTRALIZEDWEB.NET/QR/2018.HTML?BADGE=00062,Macintosh HD:Users:provolot:github:seeding-gardens:badge:qrcodes:badges:00062.png
00063,Complex Friendships,The Garden of Complex Friendships,HTTPS://DECENTRALIZEDWEB.NET/QR/2018.HTML?BADGE=00063,Macintosh HD:Users:provolot:github:seeding-gardens:badge:qrcodes:badges:00063.png
00064,Windy Delights,The Garden of Windy Delights,HTTPS://DECENTRALIZEDWEB.NET/QR/2018.HTML?BADGE=00064,Macintosh HD:Users:provolot:github:seeding-gardens:badge:qrcodes:badges:00064.png
00065,Rhizomatic Exchange,The Garden of Rhizomatic Exchange,HTTPS://DECENTRALIZEDWEB.NET/QR/2018.HTML?BADGE=00065,Macintosh HD:Users:provolot:github:seeding-gardens:badge:qrcodes:badges:00065.png
00066,Earthly Contemplation,The Garden of Earthly Contemplation,HTTPS://DECENTRALIZEDWEB.NET/QR/2018.HTML?BADGE=00066,Macintosh HD:Users:provolot:github:seeding-gardens:badge:qrcodes:badges:00066.png
00067,Sleeping Play,The Garden of Sleeping Play,HTTPS://DECENTRALIZEDWEB.NET/QR/2018.HTML?BADGE=00067,Macintosh HD:Users:provolot:github:seeding-gardens:badge:qrcodes:badges:00067.png
00068,Calm Utopia,The Garden of Calm Utopia,HTTPS://DECENTRALIZEDWEB.NET/QR/2018.HTML?BADGE=00068,Macintosh HD:Users:provolot:github:seeding-gardens:badge:qrcodes:badges:00068.png
00069,Gentle Balance,The Garden of Gentle Balance,HTTPS://DECENTRALIZEDWEB.NET/QR/2018.HTML?BADGE=00069,Macintosh HD:Users:provolot:github:seeding-gardens:badge:qrcodes:badges:00069.png
00070,Spindly Soil,The Garden of Spindly Soil,HTTPS://DECENTRALIZEDWEB.NET/QR/2018.HTML?BADGE=00070,Macintosh HD:Users:provolot:github:seeding-gardens:badge:qrcodes:badges:00070.png
00071,Sprightly Storms,The Garden of Sprightly Storms,HTTPS://DECENTRALIZEDWEB.NET/QR/2018.HTML?BADGE=00071,Macintosh HD:Users:provolot:github:seeding-gardens:badge:qrcodes:badges:00071.png
00072,Blubbly Societies,The Garden of Blubbly Societies,HTTPS://DECENTRALIZEDWEB.NET/QR/2018.HTML?BADGE=00072,Macintosh HD:Users:provolot:github:seeding-gardens:badge:qrcodes:badges:00072.png
00073,Soft Computation,The Garden of Soft Computation,HTTPS://DECENTRALIZEDWEB.NET/QR/2018.HTML?BADGE=00073,Macintosh HD:Users:provolot:github:seeding-gardens:badge:qrcodes:badges:00073.png
00074,Slow Biologies,The Garden of Slow Biologies,HTTPS://DECENTRALIZEDWEB.NET/QR/2018.HTML?BADGE=00074,Macintosh HD:Users:provolot:github:seeding-gardens:badge:qrcodes:badges:00074.png
00075,Free Networks,The Garden of Free Networks,HTTPS://DECENTRALIZEDWEB.NET/QR/2018.HTML?BADGE=00075,Macintosh HD:Users:provolot:github:seeding-gardens:badge:qrcodes:badges:00075.png
00076,Harmonious Systems,The Garden of Harmonious Systems,HTTPS://DECENTRALIZEDWEB.NET/QR/2018.HTML?BADGE=00076,Macintosh HD:Users:provolot:github:seeding-gardens:badge:qrcodes:badges:00076.png
00077,Chaotic Structures,The Garden of Chaotic Structures,HTTPS://DECENTRALIZEDWEB.NET/QR/2018.HTML?BADGE=00077,Macintosh HD:Users:provolot:github:seeding-gardens:badge:qrcodes:badges:00077.png
00078,Turbulent Theories,The Garden of Turbulent Theories,HTTPS://DECENTRALIZEDWEB.NET/QR/2018.HTML?BADGE=00078,Macintosh HD:Users:provolot:github:seeding-gardens:badge:qrcodes:badges:00078.png
00079,Punctuated Languages,The Garden of Punctuated Languages,HTTPS://DECENTRALIZEDWEB.NET/QR/2018.HTML?BADGE=00079,Macintosh HD:Users:provolot:github:seeding-gardens:badge:qrcodes:badges:00079.png
00080,Caring Loops,The Garden of Caring Loops,HTTPS://DECENTRALIZEDWEB.NET/QR/2018.HTML?BADGE=00080,Macintosh HD:Users:provolot:github:seeding-gardens:badge:qrcodes:badges:00080.png
00081,Organized Seeds,The Garden of Organized Seeds,HTTPS://DECENTRALIZEDWEB.NET/QR/2018.HTML?BADGE=00081,Macintosh HD:Users:provolot:github:seeding-gardens:badge:qrcodes:badges:00081.png
00082,Evolving Pistil,The Garden of Evolving Pistil,HTTPS://DECENTRALIZEDWEB.NET/QR/2018.HTML?BADGE=00082,Macintosh HD:Users:provolot:github:seeding-gardens:badge:qrcodes:badges:00082.png
00083,Circular Stamen,The Garden of Circular Stamen,HTTPS://DECENTRALIZEDWEB.NET/QR/2018.HTML?BADGE=00083,Macintosh HD:Users:provolot:github:seeding-gardens:badge:qrcodes:badges:00083.png
00084,Adaptive Friendships,The Garden of Adaptive Friendships,HTTPS://DECENTRALIZEDWEB.NET/QR/2018.HTML?BADGE=00084,Macintosh HD:Users:provolot:github:seeding-gardens:badge:qrcodes:badges:00084.png
00085,Complex Delights,The Garden of Complex Delights,HTTPS://DECENTRALIZEDWEB.NET/QR/2018.HTML?BADGE=00085,Macintosh HD:Users:provolot:github:seeding-gardens:badge:qrcodes:badges:00085.png
00086,Windy Exchange,The Garden of Windy Exchange,HTTPS://DECENTRALIZEDWEB.NET/QR/2018.HTML?BADGE=00086,Macintosh HD:Users:provolot:github:seeding-gardens:badge:qrcodes:badges:00086.png
00087,Rhizomatic Contemplation,The Garden of Rhizomatic Contemplation,HTTPS://DECENTRALIZEDWEB.NET/QR/2018.HTML?BADGE=00087,Macintosh HD:Users:provolot:github:seeding-gardens:badge:qrcodes:badges:00087.png
00088,Earthly Play,The Garden of Earthly Play,HTTPS://DECENTRALIZEDWEB.NET/QR/2018.HTML?BADGE=00088,Macintosh HD:Users:provolot:github:seeding-gardens:badge:qrcodes:badges:00088.png
00089,Sleeping Utopia,The Garden of Sleeping Utopia,HTTPS://DECENTRALIZEDWEB.NET/QR/2018.HTML?BADGE=00089,Macintosh HD:Users:provolot:github:seeding-gardens:badge:qrcodes:badges:00089.png
00090,Calm Balance,The Garden of Calm Balance,HTTPS://DECENTRALIZEDWEB.NET/QR/2018.HTML?BADGE=00090,Macintosh HD:Users:provolot:github:seeding-gardens:badge:qrcodes:badges:00090.png
00091,Gentle Soil,The Garden of Gentle Soil,HTTPS://DECENTRALIZEDWEB.NET/QR/2018.HTML?BADGE=00091,Macintosh HD:Users:provolot:github:seeding-gardens:badge:qrcodes:badges:00091.png
00092,Spindly Storms,The Garden of Spindly Storms,HTTPS://DECENTRALIZEDWEB.NET/QR/2018.HTML?BADGE=00092,Macintosh HD:Users:provolot:github:seeding-gardens:badge:qrcodes:badges:00092.png
00093,Sprightly Societies,The Garden of Sprightly Societies,HTTPS://DECENTRALIZEDWEB.NET/QR/2018.HTML?BADGE=00093,Macintosh HD:Users:provolot:github:seeding-gardens:badge:qrcodes:badges:00093.png
00094,Blubbly Computation,The Garden of Blubbly Computation,HTTPS://DECENTRALIZEDWEB.NET/QR/2018.HTML?BADGE=00094,Macintosh HD:Users:provolot:github:seeding-gardens:badge:qrcodes:badges:00094.png
00095,Soft Biologies,The Garden of Soft Biologies,HTTPS://DECENTRALIZEDWEB.NET/QR/2018.HTML?BADGE=00095,Macintosh HD:Users:provolot:github:seeding-gardens:badge:qrcodes:badges:00095.png
00096,Slow Networks,The Garden of Slow Networks,HTTPS://DECENTRALIZEDWEB.NET/QR/2018.HTML?BADGE=00096,Macintosh HD:Users:provolot:github:seeding-gardens:badge:qrcodes:badges:00096.png
00097,Free Systems,The Garden of Free Systems,HTTPS://DECENTRALIZEDWEB.NET/QR/2018.HTML?BADGE=00097,Macintosh HD:Users:provolot:github:seeding-gardens:badge:qrcodes:badges:00097.png
00098,Harmonious Structures,The Garden of Harmonious Structures,HTTPS://DECENTRALIZEDWEB.NET/QR/2018.HTML?BADGE=00098,Macintosh HD:Users:provolot:github:seeding-gardens:badge:qrcodes:badges:00098.png
00099,Chaotic Theories,The Garden of Chaotic Theories,HTTPS://DECENTRALIZEDWEB.NET/QR/2018.HTML?BADGE=00099,Macintosh HD:Users:provolot:github:seeding-gardens:badge:qrcodes:badges:00099.png
00100,Turbulent Languages,The Garden of Turbulent Languages,HTTPS://DECENTRALIZEDWEB.NET/QR/2018.HTML?BADGE=00100,Macintosh HD:Users:provolot:github:seeding-gardens:badge:qrcodes:badges:00100.png
00101,Punctuated Loops,The Garden of Punctuated Loops,HTTPS://DECENTRALIZEDWEB.NET/QR/2018.HTML?BADGE=00101,Macintosh HD:Users:provolot:github:seeding-gardens:badge:qrcodes:badges:00101.png
00102,Caring Seeds,The Garden of Caring Seeds,HTTPS://DECENTRALIZEDWEB.NET/QR/2018.HTML?BADGE=00102,Macintosh HD:Users:provolot:github:seeding-gardens:badge:qrcodes:badges:00102.png
00103,Organized Pistil,The Garden of Organized Pistil,HTTPS://DECENTRALIZEDWEB.NET/QR/2018.HTML?BADGE=00103,Macintosh HD:Users:provolot:github:seeding-gardens:badge:qrcodes:badges:00103.png
00104,Evolving Stamen,The Garden of Evolving Stamen,HTTPS://DECENTRALIZEDWEB.NET/QR/2018.HTML?BADGE=00104,Macintosh HD:Users:provolot:github:seeding-gardens:badge:qrcodes:badges:00104.png
00105,Circular Friendships,The Garden of Circular Friendships,HTTPS://DECENTRALIZEDWEB.NET/QR/2018.HTML?BADGE=00105,Macintosh HD:Users:provolot:github:seeding-gardens:badge:qrcodes:badges:00105.png
00106,Adaptive Delights,The Garden of Adaptive Delights,HTTPS://DECENTRALIZEDWEB.NET/QR/2018.HTML?BADGE=00106,Macintosh HD:Users:provolot:github:seeding-gardens:badge:qrcodes:badges:00106.png
00107,Complex Exchange,The Garden of Complex Exchange,HTTPS://DECENTRALIZEDWEB.NET/QR/2018.HTML?BADGE=00107,Macintosh HD:Users:provolot:github:seeding-gardens:badge:qrcodes:badges:00107.png
00108,Windy Contemplation,The Garden of Windy Contemplation,HTTPS://DECENTRALIZEDWEB.NET/QR/2018.HTML?BADGE=00108,Macintosh HD:Users:provolot:github:seeding-gardens:badge:qrcodes:badges:00108.png
00109,Rhizomatic Play,The Garden of Rhizomatic Play,HTTPS://DECENTRALIZEDWEB.NET/QR/2018.HTML?BADGE=00109,Macintosh HD:Users:provolot:github:seeding-gardens:badge:qrcodes:badges:00109.png
00110,Earthly Utopia,The Garden of Earthly Utopia,HTTPS://DECENTRALIZEDWEB.NET/QR/2018.HTML?BADGE=00110,Macintosh HD:Users:provolot:github:seeding-gardens:badge:qrcodes:badges:00110.png
00111,Sleeping Balance,The Garden of Sleeping Balance,HTTPS://DECENTRALIZEDWEB.NET/QR/2018.HTML?BADGE=00111,Macintosh HD:Users:provolot:github:seeding-gardens:badge:qrcodes:badges:00111.png
00112,Calm Soil,The Garden of Calm Soil,HTTPS://DECENTRALIZEDWEB.NET/QR/2018.HTML?BADGE=00112,Macintosh HD:Users:provolot:github:seeding-gardens:badge:qrcodes:badges:00112.png
00113,Gentle Storms,The Garden of Gentle Storms,HTTPS://DECENTRALIZEDWEB.NET/QR/2018.HTML?BADGE=00113,Macintosh HD:Users:provolot:github:seeding-gardens:badge:qrcodes:badges:00113.png
00114,Spindly Societies,The Garden of Spindly Societies,HTTPS://DECENTRALIZEDWEB.NET/QR/2018.HTML?BADGE=00114,Macintosh HD:Users:provolot:github:seeding-gardens:badge:qrcodes:badges:00114.png
00115,Sprightly Computation,The Garden of Sprightly Computation,HTTPS://DECENTRALIZEDWEB.NET/QR/2018.HTML?BADGE=00115,Macintosh HD:Users:provolot:github:seeding-gardens:badge:qrcodes:badges:00115.png
00116,Blubbly Biologies,The Garden of Blubbly Biologies,HTTPS://DECENTRALIZEDWEB.NET/QR/2018.HTML?BADGE=00116,Macintosh HD:Users:provolot:github:seeding-gardens:badge:qrcodes:badges:00116.png
00117,Soft Networks,The Garden of Soft Networks,HTTPS://DECENTRALIZEDWEB.NET/QR/2018.HTML?BADGE=00117,Macintosh HD:Users:provolot:github:seeding-gardens:badge:qrcodes:badges:00117.png
00118,Slow Systems,The Garden of Slow Systems,HTTPS://DECENTRALIZEDWEB.NET/QR/2018.HTML?BADGE=00118,Macintosh HD:Users:provolot:github:seeding-gardens:badge:qrcodes:badges:00118.png
00119,Free Structures,The Garden of Free Structures,HTTPS://DECENTRALIZEDWEB.NET/QR/2018.HTML?BADGE=00119,Macintosh HD:Users:provolot:github:seeding-gardens:badge:qrcodes:badges:00119.png
00120,Harmonious Theories,The Garden of Harmonious Theories,HTTPS://DECENTRALIZEDWEB.NET/QR/2018.HTML?BADGE=00120,Macintosh HD:Users:provolot:github:seeding-gardens:badge:qrcodes:badges:00120.png
00121,Chaotic Languages,The Garden of Chaotic Languages,HTTPS://DECENTRALIZEDWEB.NET/QR/2018.HTML?BADGE=00121,Macintosh HD:Users:provolot:github:seeding-gardens:badge:qrcodes:badges:00121.png
00122,Turbulent Loops,The Garden of Turbulent Loops,HTTPS://DECENTRALIZEDWEB.NET/QR/2018.HTML?BADGE=00122,Macintosh HD:Users:provolot:github:seeding-gardens:badge:qrcodes:badges:00122.png
00123,Punctuated Seeds,The Garden of Punctuated Seeds,HTTPS://DECENTRALIZEDWEB.NET/QR/2018.HTML?BADGE=00123,Macintosh HD:Users:provolot:github:seeding-gardens:badge:qrcodes:badges:00123.png
00124,Caring Pistil,The Garden of Caring Pistil,HTTPS://DECENTRALIZEDWEB.NET/QR/2018.HTML?BADGE=00124,Macintosh HD:Users:provolot:github:seeding-gardens:badge:qrcodes:badges:00124.png
00125,Organized Stamen,The Garden of Organized Stamen,HTTPS://DECENTRALIZEDWEB.NET/QR/2018.HTML?BADGE=00125,Macintosh HD:Users:provolot:github:seeding-gardens:badge:qrcodes:badges:00125.png
00126,Evolving Friendships,The Garden of Evolving Friendships,HTTPS://DECENTRALIZEDWEB.NET/QR/2018.HTML?BADGE=00126,Macintosh HD:Users:provolot:github:seeding-gardens:badge:qrcodes:badges:00126.png
00127,Circular Delights,The Garden of Circular Delights,HTTPS://DECENTRALIZEDWEB.NET/QR/2018.HTML?BADGE=00127,Macintosh HD:Users:provolot:github:seeding-gardens:badge:qrcodes:badges:00127.png
00128,Adaptive Exchange,The Garden of Adaptive Exchange,HTTPS://DECENTRALIZEDWEB.NET/QR/2018.HTML?BADGE=00128,Macintosh HD:Users:provolot:github:seeding-gardens:badge:qrcodes:badges:00128.png
00129,Complex Contemplation,The Garden of Complex Contemplation,HTTPS://DECENTRALIZEDWEB.NET/QR/2018.HTML?BADGE=00129,Macintosh HD:Users:provolot:github:seeding-gardens:badge:qrcodes:badges:00129.png
00130,Windy Play,The Garden of Windy Play,HTTPS://DECENTRALIZEDWEB.NET/QR/2018.HTML?BADGE=00130,Macintosh HD:Users:provolot:github:seeding-gardens:badge:qrcodes:badges:00130.png
00131,Rhizomatic Utopia,The Garden of Rhizomatic Utopia,HTTPS://DECENTRALIZEDWEB.NET/QR/2018.HTML?BADGE=00131,Macintosh HD:Users:provolot:github:seeding-gardens:badge:qrcodes:badges:00131.png
00132,Earthly Balance,The Garden of Earthly Balance,HTTPS://DECENTRALIZEDWEB.NET/QR/2018.HTML?BADGE=00132,Macintosh HD:Users:provolot:github:seeding-gardens:badge:qrcodes:badges:00132.png
00133,Sleeping Soil,The Garden of Sleeping Soil,HTTPS://DECENTRALIZEDWEB.NET/QR/2018.HTML?BADGE=00133,Macintosh HD:Users:provolot:github:seeding-gardens:badge:qrcodes:badges:00133.png
00134,Calm Storms,The Garden of Calm Storms,HTTPS://DECENTRALIZEDWEB.NET/QR/2018.HTML?BADGE=00134,Macintosh HD:Users:provolot:github:seeding-gardens:badge:qrcodes:badges:00134.png
00135,Gentle Societies,The Garden of Gentle Societies,HTTPS://DECENTRALIZEDWEB.NET/QR/2018.HTML?BADGE=00135,Macintosh HD:Users:provolot:github:seeding-gardens:badge:qrcodes:badges:00135.png
00136,Spindly Computation,The Garden of Spindly Computation,HTTPS://DECENTRALIZEDWEB.NET/QR/2018.HTML?BADGE=00136,Macintosh HD:Users:provolot:github:seeding-gardens:badge:qrcodes:badges:00136.png
00137,Sprightly Biologies,The Garden of Sprightly Biologies,HTTPS://DECENTRALIZEDWEB.NET/QR/2018.HTML?BADGE=00137,Macintosh HD:Users:provolot:github:seeding-gardens:badge:qrcodes:badges:00137.png
00138,Blubbly Networks,The Garden of Blubbly Networks,HTTPS://DECENTRALIZEDWEB.NET/QR/2018.HTML?BADGE=00138,Macintosh HD:Users:provolot:github:seeding-gardens:badge:qrcodes:badges:00138.png
00139,Soft Systems,The Garden of Soft Systems,HTTPS://DECENTRALIZEDWEB.NET/QR/2018.HTML?BADGE=00139,Macintosh HD:Users:provolot:github:seeding-gardens:badge:qrcodes:badges:00139.png
00140,Slow Structures,The Garden of Slow Structures,HTTPS://DECENTRALIZEDWEB.NET/QR/2018.HTML?BADGE=00140,Macintosh HD:Users:provolot:github:seeding-gardens:badge:qrcodes:badges:00140.png
00141,Free Theories,The Garden of Free Theories,HTTPS://DECENTRALIZEDWEB.NET/QR/2018.HTML?BADGE=00141,Macintosh HD:Users:provolot:github:seeding-gardens:badge:qrcodes:badges:00141.png
00142,Harmonious Languages,The Garden of Harmonious Languages,HTTPS://DECENTRALIZEDWEB.NET/QR/2018.HTML?BADGE=00142,Macintosh HD:Users:provolot:github:seeding-gardens:badge:qrcodes:badges:00142.png
00143,Chaotic Loops,The Garden of Chaotic Loops,HTTPS://DECENTRALIZEDWEB.NET/QR/2018.HTML?BADGE=00143,Macintosh HD:Users:provolot:github:seeding-gardens:badge:qrcodes:badges:00143.png
00144,Turbulent Seeds,The Garden of Turbulent Seeds,HTTPS://DECENTRALIZEDWEB.NET/QR/2018.HTML?BADGE=00144,Macintosh HD:Users:provolot:github:seeding-gardens:badge:qrcodes:badges:00144.png
00145,Punctuated Pistil,The Garden of Punctuated Pistil,HTTPS://DECENTRALIZEDWEB.NET/QR/2018.HTML?BADGE=00145,Macintosh HD:Users:provolot:github:seeding-gardens:badge:qrcodes:badges:00145.png
00146,Caring Stamen,The Garden of Caring Stamen,HTTPS://DECENTRALIZEDWEB.NET/QR/2018.HTML?BADGE=00146,Macintosh HD:Users:provolot:github:seeding-gardens:badge:qrcodes:badges:00146.png
00147,Organized Friendships,The Garden of Organized Friendships,HTTPS://DECENTRALIZEDWEB.NET/QR/2018.HTML?BADGE=00147,Macintosh HD:Users:provolot:github:seeding-gardens:badge:qrcodes:badges:00147.png
00148,Evolving Delights,The Garden of Evolving Delights,HTTPS://DECENTRALIZEDWEB.NET/QR/2018.HTML?BADGE=00148,Macintosh HD:Users:provolot:github:seeding-gardens:badge:qrcodes:badges:00148.png
00149,Circular Exchange,The Garden of Circular Exchange,HTTPS://DECENTRALIZEDWEB.NET/QR/2018.HTML?BADGE=00149,Macintosh HD:Users:provolot:github:seeding-gardens:badge:qrcodes:badges:00149.png
00150,Adaptive Contemplation,The Garden of Adaptive Contemplation,HTTPS://DECENTRALIZEDWEB.NET/QR/2018.HTML?BADGE=00150,Macintosh HD:Users:provolot:github:seeding-gardens:badge:qrcodes:badges:00150.png
00151,Complex Play,The Garden of Complex Play,HTTPS://DECENTRALIZEDWEB.NET/QR/2018.HTML?BADGE=00151,Macintosh HD:Users:provolot:github:seeding-gardens:badge:qrcodes:badges:00151.png
00152,Windy Utopia,The Garden of Windy Utopia,HTTPS://DECENTRALIZEDWEB.NET/QR/2018.HTML?BADGE=00152,Macintosh HD:Users:provolot:github:seeding-gardens:badge:qrcodes:badges:00152.png
00153,Rhizomatic Balance,The Garden of Rhizomatic Balance,HTTPS://DECENTRALIZEDWEB.NET/QR/2018.HTML?BADGE=00153,Macintosh HD:Users:provolot:github:seeding-gardens:badge:qrcodes:badges:00153.png
00154,Earthly Soil,The Garden of Earthly Soil,HTTPS://DECENTRALIZEDWEB.NET/QR/2018.HTML?BADGE=00154,Macintosh HD:Users:provolot:github:seeding-gardens:badge:qrcodes:badges:00154.png
00155,Sleeping Storms,The Garden of Sleeping Storms,HTTPS://DECENTRALIZEDWEB.NET/QR/2018.HTML?BADGE=00155,Macintosh HD:Users:provolot:github:seeding-gardens:badge:qrcodes:badges:00155.png
00156,Calm Societies,The Garden of Calm Societies,HTTPS://DECENTRALIZEDWEB.NET/QR/2018.HTML?BADGE=00156,Macintosh HD:Users:provolot:github:seeding-gardens:badge:qrcodes:badges:00156.png
00157,Gentle Computation,The Garden of Gentle Computation,HTTPS://DECENTRALIZEDWEB.NET/QR/2018.HTML?BADGE=00157,Macintosh HD:Users:provolot:github:seeding-gardens:badge:qrcodes:badges:00157.png
00158,Spindly Biologies,The Garden of Spindly Biologies,HTTPS://DECENTRALIZEDWEB.NET/QR/2018.HTML?BADGE=00158,Macintosh HD:Users:provolot:github:seeding-gardens:badge:qrcodes:badges:00158.png
00159,Sprightly Networks,The Garden of Sprightly Networks,HTTPS://DECENTRALIZEDWEB.NET/QR/2018.HTML?BADGE=00159,Macintosh HD:Users:provolot:github:seeding-gardens:badge:qrcodes:badges:00159.png
00160,Blubbly Systems,The Garden of Blubbly Systems,HTTPS://DECENTRALIZEDWEB.NET/QR/2018.HTML?BADGE=00160,Macintosh HD:Users:provolot:github:seeding-gardens:badge:qrcodes:badges:00160.png
00161,Soft Structures,The Garden of Soft Structures,HTTPS://DECENTRALIZEDWEB.NET/QR/2018.HTML?BADGE=00161,Macintosh HD:Users:provolot:github:seeding-gardens:badge:qrcodes:badges:00161.png
00162,Slow Theories,The Garden of Slow Theories,HTTPS://DECENTRALIZEDWEB.NET/QR/2018.HTML?BADGE=00162,Macintosh HD:Users:provolot:github:seeding-gardens:badge:qrcodes:badges:00162.png
00163,Free Languages,The Garden of Free Languages,HTTPS://DECENTRALIZEDWEB.NET/QR/2018.HTML?BADGE=00163,Macintosh HD:Users:provolot:github:seeding-gardens:badge:qrcodes:badges:00163.png
00164,Harmonious Loops,The Garden of Harmonious Loops,HTTPS://DECENTRALIZEDWEB.NET/QR/2018.HTML?BADGE=00164,Macintosh HD:Users:provolot:github:seeding-gardens:badge:qrcodes:badges:00164.png
00165,Chaotic Seeds,The Garden of Chaotic Seeds,HTTPS://DECENTRALIZEDWEB.NET/QR/2018.HTML?BADGE=00165,Macintosh HD:Users:provolot:github:seeding-gardens:badge:qrcodes:badges:00165.png
00166,Turbulent Pistil,The Garden of Turbulent Pistil,HTTPS://DECENTRALIZEDWEB.NET/QR/2018.HTML?BADGE=00166,Macintosh HD:Users:provolot:github:seeding-gardens:badge:qrcodes:badges:00166.png
00167,Punctuated Stamen,The Garden of Punctuated Stamen,HTTPS://DECENTRALIZEDWEB.NET/QR/2018.HTML?BADGE=00167,Macintosh HD:Users:provolot:github:seeding-gardens:badge:qrcodes:badges:00167.png
00168,Caring Friendships,The Garden of Caring Friendships,HTTPS://DECENTRALIZEDWEB.NET/QR/2018.HTML?BADGE=00168,Macintosh HD:Users:provolot:github:seeding-gardens:badge:qrcodes:badges:00168.png
00169,Organized Delights,The Garden of Organized Delights,HTTPS://DECENTRALIZEDWEB.NET/QR/2018.HTML?BADGE=00169,Macintosh HD:Users:provolot:github:seeding-gardens:badge:qrcodes:badges:00169.png
00170,Evolving Exchange,The Garden of Evolving Exchange,HTTPS://DECENTRALIZEDWEB.NET/QR/2018.HTML?BADGE=00170,Macintosh HD:Users:provolot:github:seeding-gardens:badge:qrcodes:badges:00170.png
00171,Circular Contemplation,The Garden of Circular Contemplation,HTTPS://DECENTRALIZEDWEB.NET/QR/2018.HTML?BADGE=00171,Macintosh HD:Users:provolot:github:seeding-gardens:badge:qrcodes:badges:00171.png
00172,Adaptive Play,The Garden of Adaptive Play,HTTPS://DECENTRALIZEDWEB.NET/QR/2018.HTML?BADGE=00172,Macintosh HD:Users:provolot:github:seeding-gardens:badge:qrcodes:badges:00172.png
00173,Complex Utopia,The Garden of Complex Utopia,HTTPS://DECENTRALIZEDWEB.NET/QR/2018.HTML?BADGE=00173,Macintosh HD:Users:provolot:github:seeding-gardens:badge:qrcodes:badges:00173.png
00174,Windy Balance,The Garden of Windy Balance,HTTPS://DECENTRALIZEDWEB.NET/QR/2018.HTML?BADGE=00174,Macintosh HD:Users:provolot:github:seeding-gardens:badge:qrcodes:badges:00174.png
00175,Rhizomatic Soil,The Garden of Rhizomatic Soil,HTTPS://DECENTRALIZEDWEB.NET/QR/2018.HTML?BADGE=00175,Macintosh HD:Users:provolot:github:seeding-gardens:badge:qrcodes:badges:00175.png
00176,Earthly Storms,The Garden of Earthly Storms,HTTPS://DECENTRALIZEDWEB.NET/QR/2018.HTML?BADGE=00176,Macintosh HD:Users:provolot:github:seeding-gardens:badge:qrcodes:badges:00176.png
00177,Sleeping Societies,The Garden of Sleeping Societies,HTTPS://DECENTRALIZEDWEB.NET/QR/2018.HTML?BADGE=00177,Macintosh HD:Users:provolot:github:seeding-gardens:badge:qrcodes:badges:00177.png
00178,Calm Computation,The Garden of Calm Computation,HTTPS://DECENTRALIZEDWEB.NET/QR/2018.HTML?BADGE=00178,Macintosh HD:Users:provolot:github:seeding-gardens:badge:qrcodes:badges:00178.png
00179,Gentle Biologies,The Garden of Gentle Biologies,HTTPS://DECENTRALIZEDWEB.NET/QR/2018.HTML?BADGE=00179,Macintosh HD:Users:provolot:github:seeding-gardens:badge:qrcodes:badges:00179.png
00180,Spindly Networks,The Garden of Spindly Networks,HTTPS://DECENTRALIZEDWEB.NET/QR/2018.HTML?BADGE=00180,Macintosh HD:Users:provolot:github:seeding-gardens:badge:qrcodes:badges:00180.png
00181,Sprightly Systems,The Garden of Sprightly Systems,HTTPS://DECENTRALIZEDWEB.NET/QR/2018.HTML?BADGE=00181,Macintosh HD:Users:provolot:github:seeding-gardens:badge:qrcodes:badges:00181.png
00182,Blubbly Structures,The Garden of Blubbly Structures,HTTPS://DECENTRALIZEDWEB.NET/QR/2018.HTML?BADGE=00182,Macintosh HD:Users:provolot:github:seeding-gardens:badge:qrcodes:badges:00182.png
00183,Soft Theories,The Garden of Soft Theories,HTTPS://DECENTRALIZEDWEB.NET/QR/2018.HTML?BADGE=00183,Macintosh HD:Users:provolot:github:seeding-gardens:badge:qrcodes:badges:00183.png
00184,Slow Languages,The Garden of Slow Languages,HTTPS://DECENTRALIZEDWEB.NET/QR/2018.HTML?BADGE=00184,Macintosh HD:Users:provolot:github:seeding-gardens:badge:qrcodes:badges:00184.png
00185,Free Loops,The Garden of Free Loops,HTTPS://DECENTRALIZEDWEB.NET/QR/2018.HTML?BADGE=00185,Macintosh HD:Users:provolot:github:seeding-gardens:badge:qrcodes:badges:00185.png
00186,Harmonious Seeds,The Garden of Harmonious Seeds,HTTPS://DECENTRALIZEDWEB.NET/QR/2018.HTML?BADGE=00186,Macintosh HD:Users:provolot:github:seeding-gardens:badge:qrcodes:badges:00186.png
00187,Chaotic Pistil,The Garden of Chaotic Pistil,HTTPS://DECENTRALIZEDWEB.NET/QR/2018.HTML?BADGE=00187,Macintosh HD:Users:provolot:github:seeding-gardens:badge:qrcodes:badges:00187.png
00188,Turbulent Stamen,The Garden of Turbulent Stamen,HTTPS://DECENTRALIZEDWEB.NET/QR/2018.HTML?BADGE=00188,Macintosh HD:Users:provolot:github:seeding-gardens:badge:qrcodes:badges:00188.png
00189,Punctuated Friendships,The Garden of Punctuated Friendships,HTTPS://DECENTRALIZEDWEB.NET/QR/2018.HTML?BADGE=00189,Macintosh HD:Users:provolot:github:seeding-gardens:badge:qrcodes:badges:00189.png
00190,Caring Delights,The Garden of Caring Delights,HTTPS://DECENTRALIZEDWEB.NET/QR/2018.HTML?BADGE=00190,Macintosh HD:Users:provolot:github:seeding-gardens:badge:qrcodes:badges:00190.png
00191,Organized Exchange,The Garden of Organized Exchange,HTTPS://DECENTRALIZEDWEB.NET/QR/2018.HTML?BADGE=00191,Macintosh HD:Users:provolot:github:seeding-gardens:badge:qrcodes:badges:00191.png
00192,Evolving Contemplation,The Garden of Evolving Contemplation,HTTPS://DECENTRALIZEDWEB.NET/QR/2018.HTML?BADGE=00192,Macintosh HD:Users:provolot:github:seeding-gardens:badge:qrcodes:badges:00192.png
00193,Circular Play,The Garden of Circular Play,HTTPS://DECENTRALIZEDWEB.NET/QR/2018.HTML?BADGE=00193,Macintosh HD:Users:provolot:github:seeding-gardens:badge:qrcodes:badges:00193.png
00194,Adaptive Utopia,The Garden of Adaptive Utopia,HTTPS://DECENTRALIZEDWEB.NET/QR/2018.HTML?BADGE=00194,Macintosh HD:Users:provolot:github:seeding-gardens:badge:qrcodes:badges:00194.png
00195,Complex Balance,The Garden of Complex Balance,HTTPS://DECENTRALIZEDWEB.NET/QR/2018.HTML?BADGE=00195,Macintosh HD:Users:provolot:github:seeding-gardens:badge:qrcodes:badges:00195.png
00196,Windy Soil,The Garden of Windy Soil,HTTPS://DECENTRALIZEDWEB.NET/QR/2018.HTML?BADGE=00196,Macintosh HD:Users:provolot:github:seeding-gardens:badge:qrcodes:badges:00196.png
00197,Rhizomatic Storms,The Garden of Rhizomatic Storms,HTTPS://DECENTRALIZEDWEB.NET/QR/2018.HTML?BADGE=00197,Macintosh HD:Users:provolot:github:seeding-gardens:badge:qrcodes:badges:00197.png
00198,Earthly Societies,The Garden of Earthly Societies,HTTPS://DECENTRALIZEDWEB.NET/QR/2018.HTML?BADGE=00198,Macintosh HD:Users:provolot:github:seeding-gardens:badge:qrcodes:badges:00198.png
00199,Sleeping Computation,The Garden of Sleeping Computation,HTTPS://DECENTRALIZEDWEB.NET/QR/2018.HTML?BADGE=00199,Macintosh HD:Users:provolot:github:seeding-gardens:badge:qrcodes:badges:00199.png
00200,Calm Biologies,The Garden of Calm Biologies,HTTPS://DECENTRALIZEDWEB.NET/QR/2018.HTML?BADGE=00200,Macintosh HD:Users:provolot:github:seeding-gardens:badge:qrcodes:badges:00200.png
00201,Gentle Networks,The Garden of Gentle Networks,HTTPS://DECENTRALIZEDWEB.NET/QR/2018.HTML?BADGE=00201,Macintosh HD:Users:provolot:github:seeding-gardens:badge:qrcodes:badges:00201.png
00202,Spindly Systems,The Garden of Spindly Systems,HTTPS://DECENTRALIZEDWEB.NET/QR/2018.HTML?BADGE=00202,Macintosh HD:Users:provolot:github:seeding-gardens:badge:qrcodes:badges:00202.png
00203,Sprightly Structures,The Garden of Sprightly Structures,HTTPS://DECENTRALIZEDWEB.NET/QR/2018.HTML?BADGE=00203,Macintosh HD:Users:provolot:github:seeding-gardens:badge:qrcodes:badges:00203.png
00204,Blubbly Theories,The Garden of Blubbly Theories,HTTPS://DECENTRALIZEDWEB.NET/QR/2018.HTML?BADGE=00204,Macintosh HD:Users:provolot:github:seeding-gardens:badge:qrcodes:badges:00204.png
00205,Soft Languages,The Garden of Soft Languages,HTTPS://DECENTRALIZEDWEB.NET/QR/2018.HTML?BADGE=00205,Macintosh HD:Users:provolot:github:seeding-gardens:badge:qrcodes:badges:00205.png
00206,Slow Loops,The Garden of Slow Loops,HTTPS://DECENTRALIZEDWEB.NET/QR/2018.HTML?BADGE=00206,Macintosh HD:Users:provolot:github:seeding-gardens:badge:qrcodes:badges:00206.png
00207,Free Seeds,The Garden of Free Seeds,HTTPS://DECENTRALIZEDWEB.NET/QR/2018.HTML?BADGE=00207,Macintosh HD:Users:provolot:github:seeding-gardens:badge:qrcodes:badges:00207.png
00208,Harmonious Pistil,The Garden of Harmonious Pistil,HTTPS://DECENTRALIZEDWEB.NET/QR/2018.HTML?BADGE=00208,Macintosh HD:Users:provolot:github:seeding-gardens:badge:qrcodes:badges:00208.png
00209,Chaotic Stamen,The Garden of Chaotic Stamen,HTTPS://DECENTRALIZEDWEB.NET/QR/2018.HTML?BADGE=00209,Macintosh HD:Users:provolot:github:seeding-gardens:badge:qrcodes:badges:00209.png
00210,Turbulent Friendships,The Garden of Turbulent Friendships,HTTPS://DECENTRALIZEDWEB.NET/QR/2018.HTML?BADGE=00210,Macintosh HD:Users:provolot:github:seeding-gardens:badge:qrcodes:badges:00210.png
00211,Punctuated Delights,The Garden of Punctuated Delights,HTTPS://DECENTRALIZEDWEB.NET/QR/2018.HTML?BADGE=00211,Macintosh HD:Users:provolot:github:seeding-gardens:badge:qrcodes:badges:00211.png
00212,Caring Exchange,The Garden of Caring Exchange,HTTPS://DECENTRALIZEDWEB.NET/QR/2018.HTML?BADGE=00212,Macintosh HD:Users:provolot:github:seeding-gardens:badge:qrcodes:badges:00212.png
00213,Organized Contemplation,The Garden of Organized Contemplation,HTTPS://DECENTRALIZEDWEB.NET/QR/2018.HTML?BADGE=00213,Macintosh HD:Users:provolot:github:seeding-gardens:badge:qrcodes:badges:00213.png
00214,Evolving Play,The Garden of Evolving Play,HTTPS://DECENTRALIZEDWEB.NET/QR/2018.HTML?BADGE=00214,Macintosh HD:Users:provolot:github:seeding-gardens:badge:qrcodes:badges:00214.png
00215,Circular Utopia,The Garden of Circular Utopia,HTTPS://DECENTRALIZEDWEB.NET/QR/2018.HTML?BADGE=00215,Macintosh HD:Users:provolot:github:seeding-gardens:badge:qrcodes:badges:00215.png
00216,Adaptive Balance,The Garden of Adaptive Balance,HTTPS://DECENTRALIZEDWEB.NET/QR/2018.HTML?BADGE=00216,Macintosh HD:Users:provolot:github:seeding-gardens:badge:qrcodes:badges:00216.png
00217,Complex Soil,The Garden of Complex Soil,HTTPS://DECENTRALIZEDWEB.NET/QR/2018.HTML?BADGE=00217,Macintosh HD:Users:provolot:github:seeding-gardens:badge:qrcodes:badges:00217.png
00218,Windy Storms,The Garden of Windy Storms,HTTPS://DECENTRALIZEDWEB.NET/QR/2018.HTML?BADGE=00218,Macintosh HD:Users:provolot:github:seeding-gardens:badge:qrcodes:badges:00218.png
00219,Rhizomatic Societies,The Garden of Rhizomatic Societies,HTTPS://DECENTRALIZEDWEB.NET/QR/2018.HTML?BADGE=00219,Macintosh HD:Users:provolot:github:seeding-gardens:badge:qrcodes:badges:00219.png
00220,Earthly Computation,The Garden of Earthly Computation,HTTPS://DECENTRALIZEDWEB.NET/QR/2018.HTML?BADGE=00220,Macintosh HD:Users:provolot:github:seeding-gardens:badge:qrcodes:badges:00220.png
00221,Sleeping Biologies,The Garden of Sleeping Biologies,HTTPS://DECENTRALIZEDWEB.NET/QR/2018.HTML?BADGE=00221,Macintosh HD:Users:provolot:github:seeding-gardens:badge:qrcodes:badges:00221.png
00222,Calm Networks,The Garden of Calm Networks,HTTPS://DECENTRALIZEDWEB.NET/QR/2018.HTML?BADGE=00222,Macintosh HD:Users:provolot:github:seeding-gardens:badge:qrcodes:badges:00222.png
00223,Gentle Systems,The Garden of Gentle Systems,HTTPS://DECENTRALIZEDWEB.NET/QR/2018.HTML?BADGE=00223,Macintosh HD:Users:provolot:github:seeding-gardens:badge:qrcodes:badges:00223.png
00224,Spindly Structures,The Garden of Spindly Structures,HTTPS://DECENTRALIZEDWEB.NET/QR/2018.HTML?BADGE=00224,Macintosh HD:Users:provolot:github:seeding-gardens:badge:qrcodes:badges:00224.png
00225,Sprightly Theories,The Garden of Sprightly Theories,HTTPS://DECENTRALIZEDWEB.NET/QR/2018.HTML?BADGE=00225,Macintosh HD:Users:provolot:github:seeding-gardens:badge:qrcodes:badges:00225.png
00226,Blubbly Languages,The Garden of Blubbly Languages,HTTPS://DECENTRALIZEDWEB.NET/QR/2018.HTML?BADGE=00226,Macintosh HD:Users:provolot:github:seeding-gardens:badge:qrcodes:badges:00226.png
00227,Soft Loops,The Garden of Soft Loops,HTTPS://DECENTRALIZEDWEB.NET/QR/2018.HTML?BADGE=00227,Macintosh HD:Users:provolot:github:seeding-gardens:badge:qrcodes:badges:00227.png
00228,Slow Seeds,The Garden of Slow Seeds,HTTPS://DECENTRALIZEDWEB.NET/QR/2018.HTML?BADGE=00228,Macintosh HD:Users:provolot:github:seeding-gardens:badge:qrcodes:badges:00228.png
00229,Free Pistil,The Garden of Free Pistil,HTTPS://DECENTRALIZEDWEB.NET/QR/2018.HTML?BADGE=00229,Macintosh HD:Users:provolot:github:seeding-gardens:badge:qrcodes:badges:00229.png
00230,Harmonious Stamen,The Garden of Harmonious Stamen,HTTPS://DECENTRALIZEDWEB.NET/QR/2018.HTML?BADGE=00230,Macintosh HD:Users:provolot:github:seeding-gardens:badge:qrcodes:badges:00230.png
00231,Chaotic Friendships,The Garden of Chaotic Friendships,HTTPS://DECENTRALIZEDWEB.NET/QR/2018.HTML?BADGE=00231,Macintosh HD:Users:provolot:github:seeding-gardens:badge:qrcodes:badges:00231.png
00232,Turbulent Delights,The Garden of Turbulent Delights,HTTPS://DECENTRALIZEDWEB.NET/QR/2018.HTML?BADGE=00232,Macintosh HD:Users:provolot:github:seeding-gardens:badge:qrcodes:badges:00232.png
00233,Punctuated Exchange,The Garden of Punctuated Exchange,HTTPS://DECENTRALIZEDWEB.NET/QR/2018.HTML?BADGE=00233,Macintosh HD:Users:provolot:github:seeding-gardens:badge:qrcodes:badges:00233.png
00234,Caring Contemplation,The Garden of Caring Contemplation,HTTPS://DECENTRALIZEDWEB.NET/QR/2018.HTML?BADGE=00234,Macintosh HD:Users:provolot:github:seeding-gardens:badge:qrcodes:badges:00234.png
00235,Organized Play,The Garden of Organized Play,HTTPS://DECENTRALIZEDWEB.NET/QR/2018.HTML?BADGE=00235,Macintosh HD:Users:provolot:github:seeding-gardens:badge:qrcodes:badges:00235.png
00236,Evolving Utopia,The Garden of Evolving Utopia,HTTPS://DECENTRALIZEDWEB.NET/QR/2018.HTML?BADGE=00236,Macintosh HD:Users:provolot:github:seeding-gardens:badge:qrcodes:badges:00236.png
00237,Circular Balance,The Garden of Circular Balance,HTTPS://DECENTRALIZEDWEB.NET/QR/2018.HTML?BADGE=00237,Macintosh HD:Users:provolot:github:seeding-gardens:badge:qrcodes:badges:00237.png
00238,Adaptive Soil,The Garden of Adaptive Soil,HTTPS://DECENTRALIZEDWEB.NET/QR/2018.HTML?BADGE=00238,Macintosh HD:Users:provolot:github:seeding-gardens:badge:qrcodes:badges:00238.png
00239,Complex Storms,The Garden of Complex Storms,HTTPS://DECENTRALIZEDWEB.NET/QR/2018.HTML?BADGE=00239,Macintosh HD:Users:provolot:github:seeding-gardens:badge:qrcodes:badges:00239.png
00240,Windy Societies,The Garden of Windy Societies,HTTPS://DECENTRALIZEDWEB.NET/QR/2018.HTML?BADGE=00240,Macintosh HD:Users:provolot:github:seeding-gardens:badge:qrcodes:badges:00240.png
00241,Rhizomatic Computation,The Garden of Rhizomatic Computation,HTTPS://DECENTRALIZEDWEB.NET/QR/2018.HTML?BADGE=00241,Macintosh HD:Users:provolot:github:seeding-gardens:badge:qrcodes:badges:00241.png
00242,Earthly Biologies,The Garden of Earthly Biologies,HTTPS://DECENTRALIZEDWEB.NET/QR/2018.HTML?BADGE=00242,Macintosh HD:Users:provolot:github:seeding-gardens:badge:qrcodes:badges:00242.png
00243,Sleeping Networks,The Garden of Sleeping Networks,HTTPS://DECENTRALIZEDWEB.NET/QR/2018.HTML?BADGE=00243,Macintosh HD:Users:provolot:github:seeding-gardens:badge:qrcodes:badges:00243.png
00244,Calm Systems,The Garden of Calm Systems,HTTPS://DECENTRALIZEDWEB.NET/QR/2018.HTML?BADGE=00244,Macintosh HD:Users:provolot:github:seeding-gardens:badge:qrcodes:badges:00244.png
00245,Gentle Structures,The Garden of Gentle Structures,HTTPS://DECENTRALIZEDWEB.NET/QR/2018.HTML?BADGE=00245,Macintosh HD:Users:provolot:github:seeding-gardens:badge:qrcodes:badges:00245.png
00246,Spindly Theories,The Garden of Spindly Theories,HTTPS://DECENTRALIZEDWEB.NET/QR/2018.HTML?BADGE=00246,Macintosh HD:Users:provolot:github:seeding-gardens:badge:qrcodes:badges:00246.png
00247,Sprightly Languages,The Garden of Sprightly Languages,HTTPS://DECENTRALIZEDWEB.NET/QR/2018.HTML?BADGE=00247,Macintosh HD:Users:provolot:github:seeding-gardens:badge:qrcodes:badges:00247.png
00248,Blubbly Loops,The Garden of Blubbly Loops,HTTPS://DECENTRALIZEDWEB.NET/QR/2018.HTML?BADGE=00248,Macintosh HD:Users:provolot:github:seeding-gardens:badge:qrcodes:badges:00248.png
00249,Soft Seeds,The Garden of Soft Seeds,HTTPS://DECENTRALIZEDWEB.NET/QR/2018.HTML?BADGE=00249,Macintosh HD:Users:provolot:github:seeding-gardens:badge:qrcodes:badges:00249.png
00250,Slow Pistil,The Garden of Slow Pistil,HTTPS://DECENTRALIZEDWEB.NET/QR/2018.HTML?BADGE=00250,Macintosh HD:Users:provolot:github:seeding-gardens:badge:qrcodes:badges:00250.png
00251,Free Stamen,The Garden of Free Stamen,HTTPS://DECENTRALIZEDWEB.NET/QR/2018.HTML?BADGE=00251,Macintosh HD:Users:provolot:github:seeding-gardens:badge:qrcodes:badges:00251.png
00252,Harmonious Friendships,The Garden of Harmonious Friendships,HTTPS://DECENTRALIZEDWEB.NET/QR/2018.HTML?BADGE=00252,Macintosh HD:Users:provolot:github:seeding-gardens:badge:qrcodes:badges:00252.png
00253,Chaotic Delights,The Garden of Chaotic Delights,HTTPS://DECENTRALIZEDWEB.NET/QR/2018.HTML?BADGE=00253,Macintosh HD:Users:provolot:github:seeding-gardens:badge:qrcodes:badges:00253.png
00254,Turbulent Exchange,The Garden of Turbulent Exchange,HTTPS://DECENTRALIZEDWEB.NET/QR/2018.HTML?BADGE=00254,Macintosh HD:Users:provolot:github:seeding-gardens:badge:qrcodes:badges:00254.png
00255,Punctuated Contemplation,The Garden of Punctuated Contemplation,HTTPS://DECENTRALIZEDWEB.NET/QR/2018.HTML?BADGE=00255,Macintosh HD:Users:provolot:github:seeding-gardens:badge:qrcodes:badges:00255.png
00256,Caring Play,The Garden of Caring Play,HTTPS://DECENTRALIZEDWEB.NET/QR/2018.HTML?BADGE=00256,Macintosh HD:Users:provolot:github:seeding-gardens:badge:qrcodes:badges:00256.png
00257,Organized Utopia,The Garden of Organized Utopia,HTTPS://DECENTRALIZEDWEB.NET/QR/2018.HTML?BADGE=00257,Macintosh HD:Users:provolot:github:seeding-gardens:badge:qrcodes:badges:00257.png
00258,Evolving Balance,The Garden of Evolving Balance,HTTPS://DECENTRALIZEDWEB.NET/QR/2018.HTML?BADGE=00258,Macintosh HD:Users:provolot:github:seeding-gardens:badge:qrcodes:badges:00258.png
00259,Circular Soil,The Garden of Circular Soil,HTTPS://DECENTRALIZEDWEB.NET/QR/2018.HTML?BADGE=00259,Macintosh HD:Users:provolot:github:seeding-gardens:badge:qrcodes:badges:00259.png
00260,Adaptive Storms,The Garden of Adaptive Storms,HTTPS://DECENTRALIZEDWEB.NET/QR/2018.HTML?BADGE=00260,Macintosh HD:Users:provolot:github:seeding-gardens:badge:qrcodes:badges:00260.png
00261,Complex Societies,The Garden of Complex Societies,HTTPS://DECENTRALIZEDWEB.NET/QR/2018.HTML?BADGE=00261,Macintosh HD:Users:provolot:github:seeding-gardens:badge:qrcodes:badges:00261.png
00262,Windy Computation,The Garden of Windy Computation,HTTPS://DECENTRALIZEDWEB.NET/QR/2018.HTML?BADGE=00262,Macintosh HD:Users:provolot:github:seeding-gardens:badge:qrcodes:badges:00262.png
00263,Rhizomatic Biologies,The Garden of Rhizomatic Biologies,HTTPS://DECENTRALIZEDWEB.NET/QR/2018.HTML?BADGE=00263,Macintosh HD:Users:provolot:github:seeding-gardens:badge:qrcodes:badges:00263.png
00264,Earthly Networks,The Garden of Earthly Networks,HTTPS://DECENTRALIZEDWEB.NET/QR/2018.HTML?BADGE=00264,Macintosh HD:Users:provolot:github:seeding-gardens:badge:qrcodes:badges:00264.png
00265,Sleeping Systems,The Garden of Sleeping Systems,HTTPS://DECENTRALIZEDWEB.NET/QR/2018.HTML?BADGE=00265,Macintosh HD:Users:provolot:github:seeding-gardens:badge:qrcodes:badges:00265.png
00266,Calm Structures,The Garden of Calm Structures,HTTPS://DECENTRALIZEDWEB.NET/QR/2018.HTML?BADGE=00266,Macintosh HD:Users:provolot:github:seeding-gardens:badge:qrcodes:badges:00266.png
00267,Gentle Theories,The Garden of Gentle Theories,HTTPS://DECENTRALIZEDWEB.NET/QR/2018.HTML?BADGE=00267,Macintosh HD:Users:provolot:github:seeding-gardens:badge:qrcodes:badges:00267.png
00268,Spindly Languages,The Garden of Spindly Languages,HTTPS://DECENTRALIZEDWEB.NET/QR/2018.HTML?BADGE=00268,Macintosh HD:Users:provolot:github:seeding-gardens:badge:qrcodes:badges:00268.png
00269,Sprightly Loops,The Garden of Sprightly Loops,HTTPS://DECENTRALIZEDWEB.NET/QR/2018.HTML?BADGE=00269,Macintosh HD:Users:provolot:github:seeding-gardens:badge:qrcodes:badges:00269.png
00270,Blubbly Seeds,The Garden of Blubbly Seeds,HTTPS://DECENTRALIZEDWEB.NET/QR/2018.HTML?BADGE=00270,Macintosh HD:Users:provolot:github:seeding-gardens:badge:qrcodes:badges:00270.png
00271,Soft Pistil,The Garden of Soft Pistil,HTTPS://DECENTRALIZEDWEB.NET/QR/2018.HTML?BADGE=00271,Macintosh HD:Users:provolot:github:seeding-gardens:badge:qrcodes:badges:00271.png
00272,Slow Stamen,The Garden of Slow Stamen,HTTPS://DECENTRALIZEDWEB.NET/QR/2018.HTML?BADGE=00272,Macintosh HD:Users:provolot:github:seeding-gardens:badge:qrcodes:badges:00272.png
00273,Free Friendships,The Garden of Free Friendships,HTTPS://DECENTRALIZEDWEB.NET/QR/2018.HTML?BADGE=00273,Macintosh HD:Users:provolot:github:seeding-gardens:badge:qrcodes:badges:00273.png
00274,Harmonious Delights,The Garden of Harmonious Delights,HTTPS://DECENTRALIZEDWEB.NET/QR/2018.HTML?BADGE=00274,Macintosh HD:Users:provolot:github:seeding-gardens:badge:qrcodes:badges:00274.png
00275,Chaotic Exchange,The Garden of Chaotic Exchange,HTTPS://DECENTRALIZEDWEB.NET/QR/2018.HTML?BADGE=00275,Macintosh HD:Users:provolot:github:seeding-gardens:badge:qrcodes:badges:00275.png
00276,Turbulent Contemplation,The Garden of Turbulent Contemplation,HTTPS://DECENTRALIZEDWEB.NET/QR/2018.HTML?BADGE=00276,Macintosh HD:Users:provolot:github:seeding-gardens:badge:qrcodes:badges:00276.png
00277,Punctuated Play,The Garden of Punctuated Play,HTTPS://DECENTRALIZEDWEB.NET/QR/2018.HTML?BADGE=00277,Macintosh HD:Users:provolot:github:seeding-gardens:badge:qrcodes:badges:00277.png
00278,Caring Utopia,The Garden of Caring Utopia,HTTPS://DECENTRALIZEDWEB.NET/QR/2018.HTML?BADGE=00278,Macintosh HD:Users:provolot:github:seeding-gardens:badge:qrcodes:badges:00278.png
00279,Organized Balance,The Garden of Organized Balance,HTTPS://DECENTRALIZEDWEB.NET/QR/2018.HTML?BADGE=00279,Macintosh HD:Users:provolot:github:seeding-gardens:badge:qrcodes:badges:00279.png
00280,Evolving Soil,The Garden of Evolving Soil,HTTPS://DECENTRALIZEDWEB.NET/QR/2018.HTML?BADGE=00280,Macintosh HD:Users:provolot:github:seeding-gardens:badge:qrcodes:badges:00280.png
00281,Circular Storms,The Garden of Circular Storms,HTTPS://DECENTRALIZEDWEB.NET/QR/2018.HTML?BADGE=00281,Macintosh HD:Users:provolot:github:seeding-gardens:badge:qrcodes:badges:00281.png
00282,Adaptive Societies,The Garden of Adaptive Societies,HTTPS://DECENTRALIZEDWEB.NET/QR/2018.HTML?BADGE=00282,Macintosh HD:Users:provolot:github:seeding-gardens:badge:qrcodes:badges:00282.png
00283,Complex Computation,The Garden of Complex Computation,HTTPS://DECENTRALIZEDWEB.NET/QR/2018.HTML?BADGE=00283,Macintosh HD:Users:provolot:github:seeding-gardens:badge:qrcodes:badges:00283.png
00284,Windy Biologies,The Garden of Windy Biologies,HTTPS://DECENTRALIZEDWEB.NET/QR/2018.HTML?BADGE=00284,Macintosh HD:Users:provolot:github:seeding-gardens:badge:qrcodes:badges:00284.png
00285,Rhizomatic Networks,The Garden of Rhizomatic Networks,HTTPS://DECENTRALIZEDWEB.NET/QR/2018.HTML?BADGE=00285,Macintosh HD:Users:provolot:github:seeding-gardens:badge:qrcodes:badges:00285.png
00286,Earthly Systems,The Garden of Earthly Systems,HTTPS://DECENTRALIZEDWEB.NET/QR/2018.HTML?BADGE=00286,Macintosh HD:Users:provolot:github:seeding-gardens:badge:qrcodes:badges:00286.png
00287,Sleeping Structures,The Garden of Sleeping Structures,HTTPS://DECENTRALIZEDWEB.NET/QR/2018.HTML?BADGE=00287,Macintosh HD:Users:provolot:github:seeding-gardens:badge:qrcodes:badges:00287.png
00288,Calm Theories,The Garden of Calm Theories,HTTPS://DECENTRALIZEDWEB.NET/QR/2018.HTML?BADGE=00288,Macintosh HD:Users:provolot:github:seeding-gardens:badge:qrcodes:badges:00288.png
00289,Gentle Languages,The Garden of Gentle Languages,HTTPS://DECENTRALIZEDWEB.NET/QR/2018.HTML?BADGE=00289,Macintosh HD:Users:provolot:github:seeding-gardens:badge:qrcodes:badges:00289.png
00290,Spindly Loops,The Garden of Spindly Loops,HTTPS://DECENTRALIZEDWEB.NET/QR/2018.HTML?BADGE=00290,Macintosh HD:Users:provolot:github:seeding-gardens:badge:qrcodes:badges:00290.png
00291,Sprightly Seeds,The Garden of Sprightly Seeds,HTTPS://DECENTRALIZEDWEB.NET/QR/2018.HTML?BADGE=00291,Macintosh HD:Users:provolot:github:seeding-gardens:badge:qrcodes:badges:00291.png
00292,Blubbly Pistil,The Garden of Blubbly Pistil,HTTPS://DECENTRALIZEDWEB.NET/QR/2018.HTML?BADGE=00292,Macintosh HD:Users:provolot:github:seeding-gardens:badge:qrcodes:badges:00292.png
00293,Soft Stamen,The Garden of Soft Stamen,HTTPS://DECENTRALIZEDWEB.NET/QR/2018.HTML?BADGE=00293,Macintosh HD:Users:provolot:github:seeding-gardens:badge:qrcodes:badges:00293.png
00294,Slow Friendships,The Garden of Slow Friendships,HTTPS://DECENTRALIZEDWEB.NET/QR/2018.HTML?BADGE=00294,Macintosh HD:Users:provolot:github:seeding-gardens:badge:qrcodes:badges:00294.png
00295,Free Delights,The Garden of Free Delights,HTTPS://DECENTRALIZEDWEB.NET/QR/2018.HTML?BADGE=00295,Macintosh HD:Users:provolot:github:seeding-gardens:badge:qrcodes:badges:00295.png
00296,Harmonious Exchange,The Garden of Harmonious Exchange,HTTPS://DECENTRALIZEDWEB.NET/QR/2018.HTML?BADGE=00296,Macintosh HD:Users:provolot:github:seeding-gardens:badge:qrcodes:badges:00296.png
00297,Chaotic Contemplation,The Garden of Chaotic Contemplation,HTTPS://DECENTRALIZEDWEB.NET/QR/2018.HTML?BADGE=00297,Macintosh HD:Users:provolot:github:seeding-gardens:badge:qrcodes:badges:00297.png
00298,Turbulent Play,The Garden of Turbulent Play,HTTPS://DECENTRALIZEDWEB.NET/QR/2018.HTML?BADGE=00298,Macintosh HD:Users:provolot:github:seeding-gardens:badge:qrcodes:badges:00298.png
00299,Punctuated Utopia,The Garden of Punctuated Utopia,HTTPS://DECENTRALIZEDWEB.NET/QR/2018.HTML?BADGE=00299,Macintosh HD:Users:provolot:github:seeding-gardens:badge:qrcodes:badges:00299.png
00300,Caring Balance,The Garden of Caring Balance,HTTPS://DECENTRALIZEDWEB.NET/QR/2018.HTML?BADGE=00300,Macintosh HD:Users:provolot:github:seeding-gardens:badge:qrcodes:badges:00300.png
00301,Organized Soil,The Garden of Organized Soil,HTTPS://DECENTRALIZEDWEB.NET/QR/2018.HTML?BADGE=00301,Macintosh HD:Users:provolot:github:seeding-gardens:badge:qrcodes:badges:00301.png
00302,Evolving Storms,The Garden of Evolving Storms,HTTPS://DECENTRALIZEDWEB.NET/QR/2018.HTML?BADGE=00302,Macintosh HD:Users:provolot:github:seeding-gardens:badge:qrcodes:badges:00302.png
00303,Circular Societies,The Garden of Circular Societies,HTTPS://DECENTRALIZEDWEB.NET/QR/2018.HTML?BADGE=00303,Macintosh HD:Users:provolot:github:seeding-gardens:badge:qrcodes:badges:00303.png
00304,Adaptive Computation,The Garden of Adaptive Computation,HTTPS://DECENTRALIZEDWEB.NET/QR/2018.HTML?BADGE=00304,Macintosh HD:Users:provolot:github:seeding-gardens:badge:qrcodes:badges:00304.png
00305,Complex Biologies,The Garden of Complex Biologies,HTTPS://DECENTRALIZEDWEB.NET/QR/2018.HTML?BADGE=00305,Macintosh HD:Users:provolot:github:seeding-gardens:badge:qrcodes:badges:00305.png
00306,Windy Networks,The Garden of Windy Networks,HTTPS://DECENTRALIZEDWEB.NET/QR/2018.HTML?BADGE=00306,Macintosh HD:Users:provolot:github:seeding-gardens:badge:qrcodes:badges:00306.png
00307,Rhizomatic Systems,The Garden of Rhizomatic Systems,HTTPS://DECENTRALIZEDWEB.NET/QR/2018.HTML?BADGE=00307,Macintosh HD:Users:provolot:github:seeding-gardens:badge:qrcodes:badges:00307.png
00308,Earthly Structures,The Garden of Earthly Structures,HTTPS://DECENTRALIZEDWEB.NET/QR/2018.HTML?BADGE=00308,Macintosh HD:Users:provolot:github:seeding-gardens:badge:qrcodes:badges:00308.png
00309,Sleeping Theories,The Garden of Sleeping Theories,HTTPS://DECENTRALIZEDWEB.NET/QR/2018.HTML?BADGE=00309,Macintosh HD:Users:provolot:github:seeding-gardens:badge:qrcodes:badges:00309.png
00310,Calm Languages,The Garden of Calm Languages,HTTPS://DECENTRALIZEDWEB.NET/QR/2018.HTML?BADGE=00310,Macintosh HD:Users:provolot:github:seeding-gardens:badge:qrcodes:badges:00310.png
00311,Gentle Loops,The Garden of Gentle Loops,HTTPS://DECENTRALIZEDWEB.NET/QR/2018.HTML?BADGE=00311,Macintosh HD:Users:provolot:github:seeding-gardens:badge:qrcodes:badges:00311.png
00312,Spindly Seeds,The Garden of Spindly Seeds,HTTPS://DECENTRALIZEDWEB.NET/QR/2018.HTML?BADGE=00312,Macintosh HD:Users:provolot:github:seeding-gardens:badge:qrcodes:badges:00312.png
00313,Sprightly Pistil,The Garden of Sprightly Pistil,HTTPS://DECENTRALIZEDWEB.NET/QR/2018.HTML?BADGE=00313,Macintosh HD:Users:provolot:github:seeding-gardens:badge:qrcodes:badges:00313.png
00314,Blubbly Stamen,The Garden of Blubbly Stamen,HTTPS://DECENTRALIZEDWEB.NET/QR/2018.HTML?BADGE=00314,Macintosh HD:Users:provolot:github:seeding-gardens:badge:qrcodes:badges:00314.png
00315,Soft Friendships,The Garden of Soft Friendships,HTTPS://DECENTRALIZEDWEB.NET/QR/2018.HTML?BADGE=00315,Macintosh HD:Users:provolot:github:seeding-gardens:badge:qrcodes:badges:00315.png
00316,Slow Delights,The Garden of Slow Delights,HTTPS://DECENTRALIZEDWEB.NET/QR/2018.HTML?BADGE=00316,Macintosh HD:Users:provolot:github:seeding-gardens:badge:qrcodes:badges:00316.png
00317,Free Exchange,The Garden of Free Exchange,HTTPS://DECENTRALIZEDWEB.NET/QR/2018.HTML?BADGE=00317,Macintosh HD:Users:provolot:github:seeding-gardens:badge:qrcodes:badges:00317.png
00318,Harmonious Contemplation,The Garden of Harmonious Contemplation,HTTPS://DECENTRALIZEDWEB.NET/QR/2018.HTML?BADGE=00318,Macintosh HD:Users:provolot:github:seeding-gardens:badge:qrcodes:badges:00318.png
00319,Chaotic Play,The Garden of Chaotic Play,HTTPS://DECENTRALIZEDWEB.NET/QR/2018.HTML?BADGE=00319,Macintosh HD:Users:provolot:github:seeding-gardens:badge:qrcodes:badges:00319.png
00320,Turbulent Utopia,The Garden of Turbulent Utopia,HTTPS://DECENTRALIZEDWEB.NET/QR/2018.HTML?BADGE=00320,Macintosh HD:Users:provolot:github:seeding-gardens:badge:qrcodes:badges:00320.png
00321,Punctuated Balance,The Garden of Punctuated Balance,HTTPS://DECENTRALIZEDWEB.NET/QR/2018.HTML?BADGE=00321,Macintosh HD:Users:provolot:github:seeding-gardens:badge:qrcodes:badges:00321.png
00322,Caring Soil,The Garden of Caring Soil,HTTPS://DECENTRALIZEDWEB.NET/QR/2018.HTML?BADGE=00322,Macintosh HD:Users:provolot:github:seeding-gardens:badge:qrcodes:badges:00322.png
00323,Organized Storms,The Garden of Organized Storms,HTTPS://DECENTRALIZEDWEB.NET/QR/2018.HTML?BADGE=00323,Macintosh HD:Users:provolot:github:seeding-gardens:badge:qrcodes:badges:00323.png
00324,Evolving Societies,The Garden of Evolving Societies,HTTPS://DECENTRALIZEDWEB.NET/QR/2018.HTML?BADGE=00324,Macintosh HD:Users:provolot:github:seeding-gardens:badge:qrcodes:badges:00324.png
00325,Circular Computation,The Garden of Circular Computation,HTTPS://DECENTRALIZEDWEB.NET/QR/2018.HTML?BADGE=00325,Macintosh HD:Users:provolot:github:seeding-gardens:badge:qrcodes:badges:00325.png
00326,Adaptive Biologies,The Garden of Adaptive Biologies,HTTPS://DECENTRALIZEDWEB.NET/QR/2018.HTML?BADGE=00326,Macintosh HD:Users:provolot:github:seeding-gardens:badge:qrcodes:badges:00326.png
00327,Complex Networks,The Garden of Complex Networks,HTTPS://DECENTRALIZEDWEB.NET/QR/2018.HTML?BADGE=00327,Macintosh HD:Users:provolot:github:seeding-gardens:badge:qrcodes:badges:00327.png
00328,Windy Systems,The Garden of Windy Systems,HTTPS://DECENTRALIZEDWEB.NET/QR/2018.HTML?BADGE=00328,Macintosh HD:Users:provolot:github:seeding-gardens:badge:qrcodes:badges:00328.png
00329,Rhizomatic Structures,The Garden of Rhizomatic Structures,HTTPS://DECENTRALIZEDWEB.NET/QR/2018.HTML?BADGE=00329,Macintosh HD:Users:provolot:github:seeding-gardens:badge:qrcodes:badges:00329.png
00330,Earthly Theories,The Garden of Earthly Theories,HTTPS://DECENTRALIZEDWEB.NET/QR/2018.HTML?BADGE=00330,Macintosh HD:Users:provolot:github:seeding-gardens:badge:qrcodes:badges:00330.png
00331,Sleeping Languages,The Garden of Sleeping Languages,HTTPS://DECENTRALIZEDWEB.NET/QR/2018.HTML?BADGE=00331,Macintosh HD:Users:provolot:github:seeding-gardens:badge:qrcodes:badges:00331.png
00332,Calm Loops,The Garden of Calm Loops,HTTPS://DECENTRALIZEDWEB.NET/QR/2018.HTML?BADGE=00332,Macintosh HD:Users:provolot:github:seeding-gardens:badge:qrcodes:badges:00332.png
00333,Gentle Seeds,The Garden of Gentle Seeds,HTTPS://DECENTRALIZEDWEB.NET/QR/2018.HTML?BADGE=00333,Macintosh HD:Users:provolot:github:seeding-gardens:badge:qrcodes:badges:00333.png
00334,Spindly Pistil,The Garden of Spindly Pistil,HTTPS://DECENTRALIZEDWEB.NET/QR/2018.HTML?BADGE=00334,Macintosh HD:Users:provolot:github:seeding-gardens:badge:qrcodes:badges:00334.png
00335,Sprightly Stamen,The Garden of Sprightly Stamen,HTTPS://DECENTRALIZEDWEB.NET/QR/2018.HTML?BADGE=00335,Macintosh HD:Users:provolot:github:seeding-gardens:badge:qrcodes:badges:00335.png
00336,Blubbly Friendships,The Garden of Blubbly Friendships,HTTPS://DECENTRALIZEDWEB.NET/QR/2018.HTML?BADGE=00336,Macintosh HD:Users:provolot:github:seeding-gardens:badge:qrcodes:badges:00336.png
00337,Soft Delights,The Garden of Soft Delights,HTTPS://DECENTRALIZEDWEB.NET/QR/2018.HTML?BADGE=00337,Macintosh HD:Users:provolot:github:seeding-gardens:badge:qrcodes:badges:00337.png
00338,Slow Exchange,The Garden of Slow Exchange,HTTPS://DECENTRALIZEDWEB.NET/QR/2018.HTML?BADGE=00338,Macintosh HD:Users:provolot:github:seeding-gardens:badge:qrcodes:badges:00338.png
00339,Free Contemplation,The Garden of Free Contemplation,HTTPS://DECENTRALIZEDWEB.NET/QR/2018.HTML?BADGE=00339,Macintosh HD:Users:provolot:github:seeding-gardens:badge:qrcodes:badges:00339.png
00340,Harmonious Play,The Garden of Harmonious Play,HTTPS://DECENTRALIZEDWEB.NET/QR/2018.HTML?BADGE=00340,Macintosh HD:Users:provolot:github:seeding-gardens:badge:qrcodes:badges:00340.png
00341,Chaotic Utopia,The Garden of Chaotic Utopia,HTTPS://DECENTRALIZEDWEB.NET/QR/2018.HTML?BADGE=00341,Macintosh HD:Users:provolot:github:seeding-gardens:badge:qrcodes:badges:00341.png
00342,Turbulent Balance,The Garden of Turbulent Balance,HTTPS://DECENTRALIZEDWEB.NET/QR/2018.HTML?BADGE=00342,Macintosh HD:Users:provolot:github:seeding-gardens:badge:qrcodes:badges:00342.png
00343,Punctuated Soil,The Garden of Punctuated Soil,HTTPS://DECENTRALIZEDWEB.NET/QR/2018.HTML?BADGE=00343,Macintosh HD:Users:provolot:github:seeding-gardens:badge:qrcodes:badges:00343.png
00344,Caring Storms,The Garden of Caring Storms,HTTPS://DECENTRALIZEDWEB.NET/QR/2018.HTML?BADGE=00344,Macintosh HD:Users:provolot:github:seeding-gardens:badge:qrcodes:badges:00344.png
00345,Organized Societies,The Garden of Organized Societies,HTTPS://DECENTRALIZEDWEB.NET/QR/2018.HTML?BADGE=00345,Macintosh HD:Users:provolot:github:seeding-gardens:badge:qrcodes:badges:00345.png
00346,Evolving Computation,The Garden of Evolving Computation,HTTPS://DECENTRALIZEDWEB.NET/QR/2018.HTML?BADGE=00346,Macintosh HD:Users:provolot:github:seeding-gardens:badge:qrcodes:badges:00346.png
00347,Circular Biologies,The Garden of Circular Biologies,HTTPS://DECENTRALIZEDWEB.NET/QR/2018.HTML?BADGE=00347,Macintosh HD:Users:provolot:github:seeding-gardens:badge:qrcodes:badges:00347.png
00348,Adaptive Networks,The Garden of Adaptive Networks,HTTPS://DECENTRALIZEDWEB.NET/QR/2018.HTML?BADGE=00348,Macintosh HD:Users:provolot:github:seeding-gardens:badge:qrcodes:badges:00348.png
00349,Complex Systems,The Garden of Complex Systems,HTTPS://DECENTRALIZEDWEB.NET/QR/2018.HTML?BADGE=00349,Macintosh HD:Users:provolot:github:seeding-gardens:badge:qrcodes:badges:00349.png
00350,Windy Structures,The Garden of Windy Structures,HTTPS://DECENTRALIZEDWEB.NET/QR/2018.HTML?BADGE=00350,Macintosh HD:Users:provolot:github:seeding-gardens:badge:qrcodes:badges:00350.png
00351,Rhizomatic Theories,The Garden of Rhizomatic Theories,HTTPS://DECENTRALIZEDWEB.NET/QR/2018.HTML?BADGE=00351,Macintosh HD:Users:provolot:github:seeding-gardens:badge:qrcodes:badges:00351.png
00352,Earthly Languages,The Garden of Earthly Languages,HTTPS://DECENTRALIZEDWEB.NET/QR/2018.HTML?BADGE=00352,Macintosh HD:Users:provolot:github:seeding-gardens:badge:qrcodes:badges:00352.png
00353,Sleeping Loops,The Garden of Sleeping Loops,HTTPS://DECENTRALIZEDWEB.NET/QR/2018.HTML?BADGE=00353,Macintosh HD:Users:provolot:github:seeding-gardens:badge:qrcodes:badges:00353.png
00354,Calm Seeds,The Garden of Calm Seeds,HTTPS://DECENTRALIZEDWEB.NET/QR/2018.HTML?BADGE=00354,Macintosh HD:Users:provolot:github:seeding-gardens:badge:qrcodes:badges:00354.png
00355,Gentle Pistil,The Garden of Gentle Pistil,HTTPS://DECENTRALIZEDWEB.NET/QR/2018.HTML?BADGE=00355,Macintosh HD:Users:provolot:github:seeding-gardens:badge:qrcodes:badges:00355.png
00356,Spindly Stamen,The Garden of Spindly Stamen,HTTPS://DECENTRALIZEDWEB.NET/QR/2018.HTML?BADGE=00356,Macintosh HD:Users:provolot:github:seeding-gardens:badge:qrcodes:badges:00356.png
00357,Sprightly Friendships,The Garden of Sprightly Friendships,HTTPS://DECENTRALIZEDWEB.NET/QR/2018.HTML?BADGE=00357,Macintosh HD:Users:provolot:github:seeding-gardens:badge:qrcodes:badges:00357.png
00358,Blubbly Delights,The Garden of Blubbly Delights,HTTPS://DECENTRALIZEDWEB.NET/QR/2018.HTML?BADGE=00358,Macintosh HD:Users:provolot:github:seeding-gardens:badge:qrcodes:badges:00358.png
00359,Soft Exchange,The Garden of Soft Exchange,HTTPS://DECENTRALIZEDWEB.NET/QR/2018.HTML?BADGE=00359,Macintosh HD:Users:provolot:github:seeding-gardens:badge:qrcodes:badges:00359.png
00360,Slow Contemplation,The Garden of Slow Contemplation,HTTPS://DECENTRALIZEDWEB.NET/QR/2018.HTML?BADGE=00360,Macintosh HD:Users:provolot:github:seeding-gardens:badge:qrcodes:badges:00360.png
00361,Free Play,The Garden of Free Play,HTTPS://DECENTRALIZEDWEB.NET/QR/2018.HTML?BADGE=00361,Macintosh HD:Users:provolot:github:seeding-gardens:badge:qrcodes:badges:00361.png
00362,Harmonious Utopia,The Garden of Harmonious Utopia,HTTPS://DECENTRALIZEDWEB.NET/QR/2018.HTML?BADGE=00362,Macintosh HD:Users:provolot:github:seeding-gardens:badge:qrcodes:badges:00362.png
00363,Chaotic Balance,The Garden of Chaotic Balance,HTTPS://DECENTRALIZEDWEB.NET/QR/2018.HTML?BADGE=00363,Macintosh HD:Users:provolot:github:seeding-gardens:badge:qrcodes:badges:00363.png
00364,Turbulent Soil,The Garden of Turbulent Soil,HTTPS://DECENTRALIZEDWEB.NET/QR/2018.HTML?BADGE=00364,Macintosh HD:Users:provolot:github:seeding-gardens:badge:qrcodes:badges:00364.png
00365,Punctuated Storms,The Garden of Punctuated Storms,HTTPS://DECENTRALIZEDWEB.NET/QR/2018.HTML?BADGE=00365,Macintosh HD:Users:provolot:github:seeding-gardens:badge:qrcodes:badges:00365.png
00366,Caring Societies,The Garden of Caring Societies,HTTPS://DECENTRALIZEDWEB.NET/QR/2018.HTML?BADGE=00366,Macintosh HD:Users:provolot:github:seeding-gardens:badge:qrcodes:badges:00366.png
00367,Organized Computation,The Garden of Organized Computation,HTTPS://DECENTRALIZEDWEB.NET/QR/2018.HTML?BADGE=00367,Macintosh HD:Users:provolot:github:seeding-gardens:badge:qrcodes:badges:00367.png
00368,Evolving Biologies,The Garden of Evolving Biologies,HTTPS://DECENTRALIZEDWEB.NET/QR/2018.HTML?BADGE=00368,Macintosh HD:Users:provolot:github:seeding-gardens:badge:qrcodes:badges:00368.png
00369,Circular Networks,The Garden of Circular Networks,HTTPS://DECENTRALIZEDWEB.NET/QR/2018.HTML?BADGE=00369,Macintosh HD:Users:provolot:github:seeding-gardens:badge:qrcodes:badges:00369.png
00370,Adaptive Systems,The Garden of Adaptive Systems,HTTPS://DECENTRALIZEDWEB.NET/QR/2018.HTML?BADGE=00370,Macintosh HD:Users:provolot:github:seeding-gardens:badge:qrcodes:badges:00370.png
00371,Complex Structures,The Garden of Complex Structures,HTTPS://DECENTRALIZEDWEB.NET/QR/2018.HTML?BADGE=00371,Macintosh HD:Users:provolot:github:seeding-gardens:badge:qrcodes:badges:00371.png
00372,Windy Theories,The Garden of Windy Theories,HTTPS://DECENTRALIZEDWEB.NET/QR/2018.HTML?BADGE=00372,Macintosh HD:Users:provolot:github:seeding-gardens:badge:qrcodes:badges:00372.png
00373,Rhizomatic Languages,The Garden of Rhizomatic Languages,HTTPS://DECENTRALIZEDWEB.NET/QR/2018.HTML?BADGE=00373,Macintosh HD:Users:provolot:github:seeding-gardens:badge:qrcodes:badges:00373.png
00374,Earthly Loops,The Garden of Earthly Loops,HTTPS://DECENTRALIZEDWEB.NET/QR/2018.HTML?BADGE=00374,Macintosh HD:Users:provolot:github:seeding-gardens:badge:qrcodes:badges:00374.png
00375,Sleeping Seeds,The Garden of Sleeping Seeds,HTTPS://DECENTRALIZEDWEB.NET/QR/2018.HTML?BADGE=00375,Macintosh HD:Users:provolot:github:seeding-gardens:badge:qrcodes:badges:00375.png
00376,Calm Pistil,The Garden of Calm Pistil,HTTPS://DECENTRALIZEDWEB.NET/QR/2018.HTML?BADGE=00376,Macintosh HD:Users:provolot:github:seeding-gardens:badge:qrcodes:badges:00376.png
00377,Gentle Stamen,The Garden of Gentle Stamen,HTTPS://DECENTRALIZEDWEB.NET/QR/2018.HTML?BADGE=00377,Macintosh HD:Users:provolot:github:seeding-gardens:badge:qrcodes:badges:00377.png
00378,Spindly Friendships,The Garden of Spindly Friendships,HTTPS://DECENTRALIZEDWEB.NET/QR/2018.HTML?BADGE=00378,Macintosh HD:Users:provolot:github:seeding-gardens:badge:qrcodes:badges:00378.png
00379,Sprightly Delights,The Garden of Sprightly Delights,HTTPS://DECENTRALIZEDWEB.NET/QR/2018.HTML?BADGE=00379,Macintosh HD:Users:provolot:github:seeding-gardens:badge:qrcodes:badges:00379.png
00380,Blubbly Exchange,The Garden of Blubbly Exchange,HTTPS://DECENTRALIZEDWEB.NET/QR/2018.HTML?BADGE=00380,Macintosh HD:Users:provolot:github:seeding-gardens:badge:qrcodes:badges:00380.png
00381,Soft Contemplation,The Garden of Soft Contemplation,HTTPS://DECENTRALIZEDWEB.NET/QR/2018.HTML?BADGE=00381,Macintosh HD:Users:provolot:github:seeding-gardens:badge:qrcodes:badges:00381.png
00382,Slow Play,The Garden of Slow Play,HTTPS://DECENTRALIZEDWEB.NET/QR/2018.HTML?BADGE=00382,Macintosh HD:Users:provolot:github:seeding-gardens:badge:qrcodes:badges:00382.png
00383,Free Utopia,The Garden of Free Utopia,HTTPS://DECENTRALIZEDWEB.NET/QR/2018.HTML?BADGE=00383,Macintosh HD:Users:provolot:github:seeding-gardens:badge:qrcodes:badges:00383.png
00384,Harmonious Balance,The Garden of Harmonious Balance,HTTPS://DECENTRALIZEDWEB.NET/QR/2018.HTML?BADGE=00384,Macintosh HD:Users:provolot:github:seeding-gardens:badge:qrcodes:badges:00384.png
00385,Chaotic Soil,The Garden of Chaotic Soil,HTTPS://DECENTRALIZEDWEB.NET/QR/2018.HTML?BADGE=00385,Macintosh HD:Users:provolot:github:seeding-gardens:badge:qrcodes:badges:00385.png
00386,Turbulent Storms,The Garden of Turbulent Storms,HTTPS://DECENTRALIZEDWEB.NET/QR/2018.HTML?BADGE=00386,Macintosh HD:Users:provolot:github:seeding-gardens:badge:qrcodes:badges:00386.png
00387,Punctuated Societies,The Garden of Punctuated Societies,HTTPS://DECENTRALIZEDWEB.NET/QR/2018.HTML?BADGE=00387,Macintosh HD:Users:provolot:github:seeding-gardens:badge:qrcodes:badges:00387.png
00388,Caring Computation,The Garden of Caring Computation,HTTPS://DECENTRALIZEDWEB.NET/QR/2018.HTML?BADGE=00388,Macintosh HD:Users:provolot:github:seeding-gardens:badge:qrcodes:badges:00388.png
00389,Organized Biologies,The Garden of Organized Biologies,HTTPS://DECENTRALIZEDWEB.NET/QR/2018.HTML?BADGE=00389,Macintosh HD:Users:provolot:github:seeding-gardens:badge:qrcodes:badges:00389.png
00390,Evolving Networks,The Garden of Evolving Networks,HTTPS://DECENTRALIZEDWEB.NET/QR/2018.HTML?BADGE=00390,Macintosh HD:Users:provolot:github:seeding-gardens:badge:qrcodes:badges:00390.png
00391,Circular Systems,The Garden of Circular Systems,HTTPS://DECENTRALIZEDWEB.NET/QR/2018.HTML?BADGE=00391,Macintosh HD:Users:provolot:github:seeding-gardens:badge:qrcodes:badges:00391.png
00392,Adaptive Structures,The Garden of Adaptive Structures,HTTPS://DECENTRALIZEDWEB.NET/QR/2018.HTML?BADGE=00392,Macintosh HD:Users:provolot:github:seeding-gardens:badge:qrcodes:badges:00392.png
00393,Complex Theories,The Garden of Complex Theories,HTTPS://DECENTRALIZEDWEB.NET/QR/2018.HTML?BADGE=00393,Macintosh HD:Users:provolot:github:seeding-gardens:badge:qrcodes:badges:00393.png
00394,Windy Languages,The Garden of Windy Languages,HTTPS://DECENTRALIZEDWEB.NET/QR/2018.HTML?BADGE=00394,Macintosh HD:Users:provolot:github:seeding-gardens:badge:qrcodes:badges:00394.png
00395,Rhizomatic Loops,The Garden of Rhizomatic Loops,HTTPS://DECENTRALIZEDWEB.NET/QR/2018.HTML?BADGE=00395,Macintosh HD:Users:provolot:github:seeding-gardens:badge:qrcodes:badges:00395.png
00396,Earthly Seeds,The Garden of Earthly Seeds,HTTPS://DECENTRALIZEDWEB.NET/QR/2018.HTML?BADGE=00396,Macintosh HD:Users:provolot:github:seeding-gardens:badge:qrcodes:badges:00396.png
00397,Sleeping Pistil,The Garden of Sleeping Pistil,HTTPS://DECENTRALIZEDWEB.NET/QR/2018.HTML?BADGE=00397,Macintosh HD:Users:provolot:github:seeding-gardens:badge:qrcodes:badges:00397.png
00398,Calm Stamen,The Garden of Calm Stamen,HTTPS://DECENTRALIZEDWEB.NET/QR/2018.HTML?BADGE=00398,Macintosh HD:Users:provolot:github:seeding-gardens:badge:qrcodes:badges:00398.png
00399,Gentle Friendships,The Garden of Gentle Friendships,HTTPS://DECENTRALIZEDWEB.NET/QR/2018.HTML?BADGE=00399,Macintosh HD:Users:provolot:github:seeding-gardens:badge:qrcodes:badges:00399.png
